,Team,Full Name,Overall Rating,Position
0,Rams,Aaron Donald,99,RE
1,Patriots,Stephon Gilmore,99,CB
2,Panthers,Christian McCaffrey,99,HB
3,Chiefs,Patrick Mahomes,99,QB
4,Saints,Michael Thomas,99,WR
5,Cardinals,DeAndre Hopkins,98,WR
6,Texans,J.J. Watt,98,LE
7,Cowboys,Zack Martin,98,RG
8,49ers,George Kittle,98,TE
9,Seahawks,Bobby Wagner,98,MLB
10,Seahawks,Russell Wilson,97,QB
11,Chiefs,Travis Kelce,97,TE
12,Bears,Khalil Mack,97,LOLB
13,Broncos,Von Miller,97,LOLB
14,Falcons,Julio Jones,97,WR
15,Saints,Cameron Jordan,96,LE
16,Eagles,Fletcher Cox,96,DT
17,Chiefs,Tyreek Hill,96,WR
18,Packers,David Bakhtiari,96,LT
19,Chiefs,Mitchell Schwartz,96,RT
20,Vikings,Harrison Smith,95,SS
21,Buccaneers,Rob Gronkowski,95,TE
22,Cardinals,Chandler Jones,95,LOLB
23,Ravens,Calais Campbell,95,RE
24,Saints,Terron Armstead,95,LT
25,Rams,Jalen Ramsey,94,CB
26,Packers,Davante Adams,94,WR
27,Ravens,Lamar Jackson,94,QB
28,Eagles,Jason Kelce,94,C
29,Colts,Quenton Nelson,94,LG
30,Saints,Drew Brees,93,QB
31,Cowboys,Amari Cooper,93,WR
32,Eagles,Brandon Brooks,93,RG
33,Chiefs,Tyrann Mathieu,93,SS
34,Ravens,Ronnie Stanley,93,LT
35,Browns,Myles Garrett,93,RE
36,Titans,Derrick Henry,93,HB
37,Raiders,Rodney Hudson,93,C
38,Jets,Jamal Adams,92,SS
39,Bills,Stefon Diggs,92,WR
40,49ers,Richard Sherman,92,CB
41,Buccaneers,Mike Evans,92,WR
42,Cowboys,Ezekiel Elliott,92,HB
43,Chiefs,Chris Jones,92,DT
44,Patriots,Devin McCourty,92,FS
45,Browns,Nick Chubb,92,HB
46,49ers,Trent Williams,92,LT
47,Vikings,Dalvin Cook,91,HB
48,Steelers,David DeCastro,91,RG
49,Giants,Saquon Barkley,91,HB
50,Browns,Odell Beckham Jr,91,WR
51,Chargers,Joey Bosa,91,LE
52,Chargers,Keenan Allen,91,WR
53,Saints,Ryan Ramczyk,91,RT
54,Vikings,Michael Pierce,91,DT
55,Titans,Kevin Byard,91,FS
56,Cowboys,Tyron Smith,91,LT
57,Raiders,Richie Incognito,90,LG
58,Vikings,Adam Thielen,90,WR
59,Buccaneers,Tom Brady,90,QB
60,Packers,Aaron Jones,90,HB
61,Falcons,Grady Jarrett,90,DT
62,Eagles,Zach Ertz,90,TE
63,Steelers,Cameron Heyward,90,RE
64,Bills,Tre'Davious White,90,CB
65,Broncos,Justin Simmons,90,FS
66,Buccaneers,Lavonte David,90,MLB
67,Packers,Kenny Clark,90,DT
68,Packers,Jaire Alexander,90,CB
69,Ravens,Marlon Humphrey,89,CB
70,Packers,Aaron Rodgers,89,QB
71,Rams,Cooper Kupp,89,WR
72,Saints,Demario Davis,89,ROLB
73,49ers,Nick Bosa,89,RE
74,Bears,Allen Robinson II,89,WR
75,Bengals,Joe Mixon,89,HB
76,Browns,Austin Hooper,89,TE
77,Falcons,Alex Mack,89,C
78,Chargers,Derwin James Jr,89,SS
79,Chargers,Casey Hayward Jr,89,CB
80,Bears,Eddie Jackson,89,FS
81,Buccaneers,Ali Marpet,89,LG
82,Cowboys,DeMarcus Lawrence,89,LE
83,Eagles,Lane Johnson,89,RT
84,Vikings,Danielle Hunter,89,LE
85,Vikings,Eric Kendricks,89,MLB
86,Ravens,Earl Thomas III,88,FS
87,Buccaneers,Chris Godwin,88,WR
88,Chargers,Bryan Bulaga,88,RT
89,Giants,Evan Engram,88,TE
90,Packers,Za'Darius Smith,88,LOLB
91,Cardinals,Patrick Peterson,88,CB
92,Bears,Akiem Hicks,88,LE
93,Patriots,Dont'a Hightower,88,MLB
94,Bills,Micah Hyde,88,FS
95,Raiders,Josh Jacobs,88,HB
96,Seahawks,Tyler Lockett,88,WR
97,Dolphins,Byron Jones,88,CB
98,Bengals,A.J. Green,88,WR
99,Eagles,Darius Slay Jr,88,CB
100,Bengals,Geno Atkins,88,DT
101,Saints,Alvin Kamara,88,HB
102,Chargers,Melvin Ingram III,88,RE
103,49ers,Fred Warner,87,MLB
104,Jets,Le'Veon Bell,87,HB
105,Colts,DeForest Buckner,87,DT
106,Jaguars,Brandon Linder,87,C
107,Patriots,Julian Edelman,87,WR
108,Browns,Kareem Hunt,87,HB
109,Buccaneers,Vita Vea,87,DT
110,Cowboys,La'el Collins,87,RT
111,Redskins,Brandon Scherff,87,RG
112,Chargers,Desmond King II,87,CB
113,Falcons,Matt Ryan,87,QB
114,Colts,T.Y. Hilton,87,WR
115,Eagles,Brandon Graham,87,LE
116,Panthers,Kawann Short,87,DT
117,Saints,Emmanuel Sanders,87,WR
118,Steelers,Stephon Tuitt,87,LE
119,Chargers,Chris Harris Jr,87,CB
120,Broncos,Kareem Jackson,87,SS
121,Ravens,Justin Tucker,87,K
122,Steelers,Minkah Fitzpatrick,87,FS
123,Raiders,Trent Brown,87,RT
124,Saints,Jared Cook,87,TE
125,Seahawks,Chris Carson,86,HB
126,Browns,Joel Bitonio,86,LG
127,Rams,Robert Woods,86,WR
128,Ravens,Mark Andrews,86,TE
129,Steelers,T.J. Watt,86,LOLB
130,49ers,Arik Armstead,86,LE
131,Packers,Adrian Amos,86,SS
132,Buccaneers,Ndamukong Suh,86,RE
133,Lions,Kenny Golladay,86,WR
134,Patriots,Shaq Mason,86,RG
135,Redskins,Matthew Ioannidis,86,DT
136,Seahawks,Greg Olsen,86,TE
137,Texans,Deshaun Watson,86,QB
138,Lions,Trey Flowers,86,RE
139,Browns,Denzel Ward,86,CB
140,Falcons,Todd Gurley II,86,HB
141,Ravens,Mark Ingram II,86,HB
142,Ravens,Brandon Williams,86,DT
143,Steelers,JuJu Smith-Schuster,86,WR
144,49ers,Kyle Juszczyk,86,FB
145,Saints,Marshon Lattimore,86,CB
146,Cardinals,Budda Baker,86,FS
147,Redskins,Kendall Fuller,86,FS
148,Dolphins,Kyle Van Noy,86,LOLB
149,Falcons,Deion Jones,86,MLB
150,Rams,Johnny Hekker,86,P
151,Rams,Andrew Whitworth,86,LT
152,Steelers,Maurkice Pouncey,86,C
153,Saints,Malcolm Jenkins,85,SS
154,Saints,Marcus Williams,85,FS
155,Browns,Jarvis Landry,85,WR
156,Colts,Ryan Kelly,85,C
157,Cowboys,Gerald McCoy,85,DT
158,Bears,Kyle Fuller,85,CB
159,Ravens,Marcus Peters,85,CB
160,Patriots,Jason McCourty,85,CB
161,Broncos,Phillip Lindsay,85,HB
162,Panthers,D.J. Moore,85,WR
163,49ers,Dee Ford,85,LE
164,49ers,Mike McGlinchey,85,RT
165,Chargers,Austin Ekeler,85,HB
166,Chargers,Linval Joseph,85,DT
167,Colts,Anthony Castonzo,85,LT
168,Colts,Justin Houston,85,RE
169,Giants,Kevin Zeitler,85,RG
170,Lions,Marvin Jones Jr,85,WR
171,Bills,Jordan Poyer,85,SS
172,Buccaneers,Shaquil Barrett,85,ROLB
173,Chargers,Hunter Henry,85,TE
174,Raiders,Darren Waller,85,TE
175,Colts,Marlon Mack,85,HB
176,Colts,Darius Leonard,85,LOLB
177,Jaguars,Josh Lambo,85,K
178,Jets,C.J. Mosley,85,MLB
179,Patriots,Joe Thuney,85,LG
180,Texans,Brandin Cooks,85,WR
181,Texans,Laremy Tunsil,85,LT
182,Bears,Eddie Goldman,84,DT
183,Seahawks,Shaquill Griffin,84,CB
184,Broncos,Jurrell Casey,84,RE
185,Packers,Preston Smith,84,ROLB
186,Seahawks,Duane Brown,84,LT
187,Titans,Rodger Saffold III,84,LG
188,Texans,Justin Reid,84,FS
189,49ers,Raheem Mostert,84,HB
190,Eagles,Alshon Jeffery,84,WR
191,Titans,Brett Kern,84,P
192,Eagles,Carson Wentz,84,QB
193,Giants,Golden Tate III,84,WR
194,Patriots,David Andrews,84,C
195,Falcons,Keanu Neal,84,SS
196,Lions,Justin Coleman,84,CB
197,Cowboys,Dak Prescott,84,QB
198,Broncos,Melvin Gordon III,84,HB
199,Broncos,Courtland Sutton,84,WR
200,Dolphins,DeVante Parker,84,WR
201,Ravens,Sam Koch,84,P
202,Redskins,Ryan Kerrigan,84,LE
203,Steelers,Eric Ebron,84,TE
204,Titans,Taylor Lewan,84,LT
205,Vikings,Kyle Rudolph,84,TE
206,Broncos,A.J. Bouye,84,CB
207,Rams,John Johnson III,84,SS
208,Bengals,D.J. Reader,84,DT
209,Jets,Avery Williamson,84,MLB
210,Panthers,Robby Anderson,84,WR
211,Bengals,Tyler Boyd,83,WR
212,49ers,Tevin Coleman,83,HB
213,Jaguars,Leonard Fournette,83,HB
214,Jaguars,Andrew Norwell,83,LG
215,Redskins,Tress Way,83,P
216,Saints,Thomas Morstead,83,P
217,Bears,Roquan Smith,83,MLB
218,Ravens,Jimmy Smith,83,CB
219,49ers,Jimmy Garoppolo,83,QB
220,49ers,Jimmie Ward,83,FS
221,Eagles,DeSean Jackson,83,WR
222,Falcons,Calvin Ridley,83,WR
223,Steelers,Joe Haden,83,CB
224,Patriots,Jonathan Jones,83,CB
225,Cardinals,Larry Fitzgerald,83,WR
226,Cowboys,Leighton Vander Esch,83,LOLB
227,Lions,Jamie Collins,83,LOLB
228,Ravens,Orlando Brown Jr,83,RT
229,Ravens,Matthew Judon,83,LOLB
230,Titans,Adoree' Jackson,83,CB
231,Vikings,Anthony Harris,83,FS
232,Chiefs,Frank Clark,83,RE
233,Jaguars,Yannick Ngakoue,83,RE
234,Lions,Frank Ragnow,83,C
235,Rams,Michael Brockers,83,LE
236,Redskins,Da'Ron Payne,83,DT
237,Lions,Matthew Stafford,83,QB
238,Bills,Cole Beasley,83,WR
239,Lions,Desmond Trufant,83,CB
240,Patriots,Patrick Chung,83,SS
241,Chiefs,Damien Williams,83,HB
242,Bengals,Carlos Dunlap,82,LE
243,Bills,John Brown,82,WR
244,Bills,Mitch Morse,82,C
245,Dolphins,Xavien Howard,82,CB
246,Colts,Malik Hooker,82,FS
247,Raiders,Damarious Randall,82,FS
248,Steelers,Alejandro Villanueva,82,LT
249,49ers,Kwon Alexander,82,LOLB
250,Vikings,Kirk Cousins,82,QB
251,Browns,Olivier Vernon,82,LE
252,Lions,Kerryon Johnson,82,HB
253,Colts,Braden Smith,82,RT
254,Eagles,Jason Peters,82,RG
255,Jaguars,Joe Schobert,82,MLB
256,Panthers,Donte Jackson,82,CB
257,Eagles,Nickell Robey-Coleman,82,CB
258,Bills,Devin Singletary,82,HB
259,Patriots,James White,82,HB
260,Chiefs,Harrison Butker,82,K
261,Rams,Tyler Higbee,82,TE
262,Steelers,Chris Boswell,82,K
263,49ers,Robbie Gould,82,K
264,Raiders,Lamarcus Joyner,82,CB
265,Cowboys,Chidobe Awuzie,82,CB
266,Patriots,JC Jackson,82,CB
267,Colts,Philip Rivers,82,QB
268,Cardinals,Kenyan Drake,82,HB
269,Buccaneers,Ryan Jensen,82,C
270,Eagles,Javon Hargrave,82,DT
271,Giants,Sterling Shepard,82,WR
272,Raiders,Tyrell Williams,82,WR
273,Redskins,Jonathan Allen,82,DT
274,Saints,Sheldon Rankins,82,DT
275,Texans,Will Fuller V,82,WR
276,Texans,Benardrick McKinney,82,MLB
277,Titans,Harold Landry III,82,ROLB
278,Bears,Robert Quinn,82,ROLB
279,Bills,Jerry Hughes,82,RE
280,Redskins,Terry McLaurin,82,WR
281,Steelers,Ben Roethlisberger,81,QB
282,Steelers,Mike Hilton,81,CB
283,Titans,A.J. Brown,81,WR
284,Bears,Charles Leno Jr,81,LT
285,49ers,Jaquiski Tartt,81,SS
286,Browns,Sheldon Richardson,81,DT
287,Steelers,James Conner,81,HB
288,Chargers,Mike Williams,81,WR
289,Cowboys,Chris Jones,81,P
290,Cowboys,Jaylon Smith,81,MLB
291,Eagles,Dallas Goedert,81,TE
292,Falcons,Dante Fowler Jr,81,RE
293,Ravens,Patrick Ricard,81,FB
294,Bears,Cody Whitehair,81,C
295,Bills,Ed Oliver,81,DT
296,Broncos,Bradley Chubb,81,ROLB
297,Jets,Marcus Maye,81,FS
298,Steelers,Steven Nelson,81,CB
299,Falcons,Ricardo Allen,81,SS
300,Colts,Jack Doyle,81,TE
301,Jaguars,Myles Jack,81,ROLB
302,Lions,Matt Prater,81,K
303,Lions,Danny Shelton,81,DT
304,Texans,Whitney Mercilus,81,ROLB
305,Texans,Kenny Stills,81,WR
306,Bengals,William Jackson III,81,CB
307,Texans,Duke Johnson Jr,81,HB
308,Chiefs,Sammy Watkins,81,WR
309,Panthers,Matt Paradis,81,C
310,Redskins,Landon Collins,81,SS
311,Titans,Johnathan Joseph,81,CB
312,Redskins,Derrius Guice,81,HB
313,Cowboys,Michael Gallup,81,WR
314,Jaguars,Josh Allen,81,LE
315,Jaguars,D.J. Chark Jr,81,WR
316,Patriots,Lawrence Guy,81,RE
317,Seahawks,K.J. Wright,81,ROLB
318,Bears,Danny Trevathan,80,MLB
319,Giants,Jabrill Peppers,80,SS
320,Broncos,Bryce Callahan,80,CB
321,Saints,Latavius Murray,80,HB
322,Chargers,Trai Turner,80,RG
323,Colts,Trey Burton,80,TE
324,Giants,Leonard Williams,80,RE
325,Packers,Elgton Jenkins,80,LG
326,Packers,JK Scott,80,P
327,Vikings,Anthony Barr,80,LOLB
328,Bengals,Carl Lawson,80,RE
329,Bills,Tremaine Edmunds,80,MLB
330,Titans,Ryan Tannehill,80,QB
331,Buccaneers,Jason Pierre-Paul,80,LOLB
332,Patriots,Sony Michel,80,HB
333,Chargers,Mike Pouncey,80,C
334,Giants,Dalvin Tomlinson,80,DT
335,Panthers,Curtis Samuel,80,WR
336,Patriots,John Simon,80,LE
337,Redskins,Chase Young,80,RE
338,Seahawks,Quandre Diggs,80,FS
339,Jets,Pierre Desir,80,CB
340,Cowboys,Greg Zuerlein,80,K
341,Jets,Jamison Crowder,80,WR
342,Ravens,D.J. Fluker,80,RG
343,Seahawks,Jarran Reed,80,DT
344,Texans,Bradley Roby,80,CB
345,Colts,Kenny Moore II,80,CB
346,Lions,Duron Harmon,80,FS
347,Buccaneers,O.J. Howard,80,TE
348,Panthers,Taylor Moton,80,RT
349,Ravens,Marquise Brown,80,WR
350,Titans,Ben Jones,80,C
351,49ers,Deebo Samuel,80,WR
352,Saints,Chauncey Gardner-Johnson,80,SS
353,Eagles,Miles Sanders,80,HB
354,Seahawks,Carlos Hyde,80,HB
355,Lions,Danny Amendola,80,WR
356,Rams,Samson Ebukam,80,ROLB
357,Seahawks,Michael Dickson,80,P
358,Steelers,Bud Dupree,80,ROLB
359,Bengals,Jessie Bates III,79,FS
360,Dolphins,Matt Breida,79,HB
361,Falcons,Takkarist McKinley,79,RE
362,Giants,Aldrick Rosas,79,K
363,Jets,Brian Winters,79,RG
364,Patriots,Mohamed Sanu Sr,79,WR
365,Rams,Rob Havenstein,79,RT
366,Seahawks,D.K. Metcalf,79,WR
367,Titans,Jayon Brown,79,MLB
368,Titans,Corey Davis,79,WR
369,Titans,DaQuan Jones,79,DT
370,Browns,Adrian Clayborn,79,RE
371,Jets,Brian Poole,79,CB
372,Bengals,Vonn Bell,79,SS
373,Buccaneers,Ronald Jones II,79,HB
374,Panthers,Brian Burns,79,RE
375,Patriots,Isaiah Wynn,79,LT
376,Rams,Gerald Everett,79,TE
377,Titans,Rashaan Evans,79,MLB
378,Titans,Jeffery Simmons Jr,79,LE
379,49ers,Weston Richburg,79,C
380,Seahawks,Quinton Dunbar,79,CB
381,Dolphins,Mike Gesicki,79,TE
382,Bills,Matt Milano,79,LOLB
383,Browns,Jamie Gillan,79,P
384,Panthers,Tre Boston,79,FS
385,Cardinals,Byron Murphy Jr,79,CB
386,Browns,J.C. Tretter,79,C
387,Eagles,Malik Jackson,79,DT
388,Jets,Steve McLendon,79,DT
389,Packers,Devin Funchess,79,WR
390,Ravens,Derek Wolfe,79,LE
391,Raiders,Derek Carr,79,QB
392,Giants,James Bradberry IV,79,CB
393,Redskins,Ronald Darby,79,CB
394,Dolphins,Jordan Howard,79,HB
395,Jets,Frank Gore,79,HB
396,Jaguars,Dede Westbrook,79,WR
397,Panthers,Graham Gano,79,K
398,Raiders,Maurice Hurst,79,DT
399,Raiders,Gabe Jackson,79,RG
400,Broncos,Alexander Johnson,78,MLB
401,Browns,Baker Mayfield,78,QB
402,Buccaneers,Devin White,78,MLB
403,Cardinals,Christian Kirk,78,WR
404,Lions,Da'Shawn Hand,78,LE
405,Raiders,Cory Littleton,78,MLB
406,Redskins,Thomas Davis Sr,78,ROLB
407,Steelers,James Washington,78,WR
408,Browns,David Njoku,78,TE
409,Titans,Kenny Vaccaro,78,SS
410,Eagles,Trevor Williams,78,CB
411,Cowboys,Ha Ha Clinton-Dix,78,SS
412,Chiefs,Derrick Nnadi,78,DT
413,Bears,David Montgomery,78,HB
414,Packers,Jamaal Williams,78,HB
415,Packers,Corey Linsley,78,C
416,Saints,David Onyemata,78,DT
417,Texans,Randall Cobb,78,WR
418,Patriots,Cam Newton,78,QB
419,Raiders,Prince Amukamara,78,CB
420,Saints,Janoris Jenkins,78,CB
421,Bengals,Trae Waynes,78,CB
422,Chiefs,Juan Thornhill,78,FS
423,Patriots,Adrian Phillips,78,FS
424,49ers,Jerick McKinnon,78,HB
425,Panthers,Derrick Brown,78,DT
426,Ravens,Nick Boyle,78,TE
427,Ravens,Pernell McPhee,78,ROLB
428,Saints,Erik McCoy,78,C
429,Seahawks,Will Dissly,78,TE
430,Vikings,Britton Colquitt,78,P
431,Bears,James Daniels,78,LG
432,Bills,Trent Murphy,78,LE
433,Browns,Jack Conklin,78,RT
434,Cardinals,Isaiah Simmons,78,SS
435,Eagles,Avonte Maddox,78,CB
436,Bears,Tashaun Gipson Sr,78,SS
437,Cowboys,Dontari Poe,78,DT
438,Giants,Will Hernandez,78,LG
439,Saints,Wil Lutz,78,K
440,Saints,Andrus Peat,78,LG
441,Bears,Jimmy Graham,78,TE
442,Bills,Levi Wallace,78,CB
443,Falcons,Damontae Kazee,78,FS
444,Chiefs,Laurent Duvernay-Tardif,78,RG
445,Redskins,Adrian Peterson,78,HB
446,Seahawks,Rashaad Penny,78,HB
447,Cowboys,Tyrone Crawford,78,RE
448,Eagles,Marquise Goodwin,78,WR
449,Falcons,Jake Matthews,78,LT
450,Giants,Darius Slayton,78,WR
451,Jets,Quinnen Williams,78,RE
452,Rams,Austin Blythe,78,RG
453,Ravens,Willie Snead IV,78,WR
454,49ers,Dante Pettis,77,WR
455,Bills,Quinton Spain,77,LG
456,Cowboys,Jourdan Lewis,77,CB
457,Buccaneers,Carlton Davis III,77,CB
458,Bills,Taron Johnson,77,CB
459,Bears,Tarik Cohen,77,HB
460,Ravens,Gus Edwards,77,HB
461,Texans,David Johnson,77,HB
462,Jaguars,Tyler Eifert,77,TE
463,Patriots,Ja'Whaun Bentley,77,MLB
464,Patriots,Marqise Lee,77,WR
465,Raiders,Nelson Agholor,77,WR
466,Titans,Adam Humphries,77,WR
467,Broncos,Dalton Risner,77,LG
468,Browns,Karl Joseph,77,SS
469,Seahawks,Tre Flowers,77,CB
470,Buccaneers,Sean Murphy-Bunting,77,CB
471,Ravens,Chuck Clark,77,SS
472,Eagles,Rodney McLeod Jr,77,FS
473,Lions,Tracy Walker,77,SS
474,Giants,Dion Lewis,77,HB
475,Jaguars,Al Woods,77,DT
476,Jets,Quincy Enunwa,77,WR
477,Raiders,Jason Witten,77,TE
478,Rams,Leonard Floyd,77,LOLB
479,Steelers,Vince Williams,77,MLB
480,Titans,Malcolm Butler,77,CB
481,Bengals,Mackensie Alexander,77,CB
482,Chiefs,Demarcus Robinson,77,WR
483,Chiefs,Anthony Sherman,77,FB
484,Falcons,Tyeler Davison,77,DT
485,Lions,T.J. Hockenson,77,TE
486,Panthers,Michael Palardy,77,P
487,Raiders,Maxx Crosby,77,LE
488,Bills,Josh Allen,77,QB
489,Cardinals,Kyler Murray,77,QB
490,Cowboys,Xavier Woods,77,FS
491,Packers,Mason Crosby,77,K
492,Saints,Marcus Davenport,77,RE
493,Seahawks,Phillip Dorsett II,77,WR
494,Vikings,Garrett Bradbury,77,C
495,Bills,Dion Dawkins,77,LT
496,Broncos,Ja'Wuan James,77,RT
497,Browns,Larry Ogunjobi,77,DT
498,Buccaneers,Cameron Brate,77,TE
499,Bears,Buster Skrine,77,CB
500,Chargers,Uchenna Nwosu,77,LOLB
501,Bengals,Giovani Bernard,77,HB
502,Eagles,Derek Barnett,77,RE
503,Giants,Markus Golden,77,LOLB
504,Giants,Dexter Lawrence II,77,LE
505,49ers,Kendrick Bourne,76,WR
506,Bears,Bobby Massie,76,RT
507,Bengals,John Ross III,76,WR
508,Bills,Mario Addison,76,RE
509,Jaguars,C.J. Henderson,76,CB
510,Chiefs,Charvarius Ward,76,CB
511,Cardinals,Chase Edmonds,76,HB
512,Jaguars,Chris Thompson,76,HB
513,Cowboys,Sean Lee,76,LOLB
514,Packers,Rick Wagner,76,RT
515,Raiders,Johnathan Hankins,76,DT
516,Raiders,Carl Nassib,76,LE
517,Steelers,Diontae Johnson,76,WR
518,Bengals,Joe Burrow,76,QB
519,Buccaneers,Jamel Dean,76,CB
520,Cowboys,Anthony Brown,76,CB
521,Falcons,Ito Smith,76,HB
522,Dolphins,Raekwon McMillan,76,MLB
523,Falcons,Hayden Hurst,76,TE
524,Packers,Marcedes Lewis,76,TE
525,Panthers,Russell Okung,76,LT
526,Patriots,Adam Butler,76,DT
527,Saints,Josh Hill,76,TE
528,Steelers,Devin Bush,76,MLB
529,Steelers,Vance McDonald,76,TE
530,Bengals,Auden Tate,76,WR
531,Saints,Jameis Winston,76,QB
532,Raiders,Nick Kwiatkoski,76,ROLB
533,49ers,Dre Greenlaw,76,ROLB
534,49ers,Javon Kinlaw,76,DT
535,49ers,Mitch Wishnowsky,76,P
536,Bengals,Josh Bynes,76,LOLB
537,Broncos,Graham Glasgow,76,RG
538,Broncos,Brandon McManus,76,K
539,Browns,Andrew Billings,76,DT
540,Cardinals,Devon Kennard,76,ROLB
541,Bengals,Shawn Williams,76,SS
542,Browns,Andrew Sendejo,76,SS
543,Packers,Darnell Savage,76,FS
544,Jaguars,D.J. Hayden,76,CB
545,Ravens,Tavon Young,76,CB
546,Texans,Gareon Conley,76,CB
547,Seahawks,Bradley McDougald,76,SS
548,Chiefs,Alex Okafor,76,LE
549,Colts,Denico Autry,76,DT
550,Dolphins,Davon Godchaux,76,DT
551,Panthers,Tahir Whitehead,76,LOLB
552,Patriots,Marcus Cannon,76,RT
553,Bears,Anthony Miller,76,WR
554,Cardinals,Jordan Hicks,76,MLB
555,Rams,Jared Goff,76,QB
556,Cardinals,Andy Lee,76,P
557,Cardinals,Justin Pugh,76,LG
558,Bills,Josh Norman,76,CB
559,49ers,K'Waun Williams,76,CB
560,Lions,Jeff Okudah,76,CB
561,Eagles,Will Parks,76,SS
562,Chiefs,Mecole Hardman,76,WR
563,Redskins,J.D. McKissic,76,HB
564,Dolphins,Albert Wilson,76,WR
565,Jaguars,Chris Conley,76,WR
566,Jets,Henry Anderson,76,LE
567,Panthers,Shaq Thompson,76,MLB
568,Raiders,Henry Ruggs III,76,WR
569,Redskins,Montez Sweat,76,RE
570,Vikings,Dan Bailey,76,K
571,Cardinals,Marcus Gilbert,75,RT
572,Chiefs,Bashaud Breeland,75,CB
573,49ers,Emmanuel Moseley,75,CB
574,Rams,Taylor Rapp,75,FS
575,Cowboys,Antwaun Woods,75,DT
576,Seahawks,David Moore,75,WR
577,Steelers,Jordan Berry,75,P
578,49ers,Laken Tomlinson,75,LG
579,Bills,Stephen Hauschka,75,K
580,Buccaneers,Antoine Winfield Jr,75,FS
581,Cowboys,Daryl Worley,75,CB
582,Colts,Rock Ya-Sin,75,CB
583,Panthers,Eli Apple,75,CB
584,Dolphins,Bobby McCain,75,FS
585,Colts,Kemoko Turay,75,LE
586,Cowboys,Tony Pollard,75,HB
587,Panthers,Mike Davis,75,HB
588,Patriots,Rex Burkhead,75,HB
589,Rams,Malcolm Brown,75,HB
590,Ravens,J.K. Dobbins,75,HB
591,Jaguars,Keelan Cole,75,WR
592,Ravens,Tyus Bowser,75,LOLB
593,Redskins,Morgan Moses,75,RT
594,Seahawks,Poona Ford,75,DT
595,49ers,Solomon Thomas,75,RE
596,Broncos,Jerry Jeudy,75,WR
597,Broncos,Sam Martin,75,P
598,Cardinals,Corey Peters,75,DT
599,Cardinals,Maxx Williams,75,TE
600,Panthers,Teddy Bridgewater,75,QB
601,Browns,Greedy Williams,75,CB
602,Cowboys,Randy Gregory,75,RE
603,Broncos,Royce Freeman,75,HB
604,Jets,Breshad Perriman,75,WR
605,Patriots,Chase Winovich,75,RE
606,Rams,Josh Reynolds,75,WR
607,Redskins,Chase Roullier,75,C
608,Bengals,Sam Hubbard,75,RE
609,Browns,Mack Wilson,75,ROLB
610,Cardinals,Haason Reddick,75,ROLB
611,Lions,Darryl Roberts,75,CB
612,Colts,Nyheim Hines,75,HB
613,Giants,B.J. Hill,75,RE
614,Panthers,Seth Roberts,75,WR
615,Raiders,Maliek Collins,75,DT
616,Raiders,Zay Jones,75,WR
617,Redskins,Reuben Foster,75,MLB
618,Seahawks,Jason Myers,75,K
619,Texans,Zach Cunningham,75,MLB
620,Vikings,Brian O'Neill,75,RT
621,Vikings,Tajae Sharpe,75,WR
622,Bears,Ted Ginn Jr,75,WR
623,Bears,Cordarrelle Patterson,75,WR
624,Broncos,Shelby Harris,75,LE
625,Eagles,Cre'Von LeBlanc,75,CB
626,Eagles,Sidney Jones IV,75,CB
627,Raiders,Trayvon Mullen,75,CB
628,Cowboys,CeeDee Lamb,75,WR
629,Dolphins,Shaq Lawson,75,ROLB
630,Dolphins,Emmanuel Ogbah,75,LE
631,Packers,Dean Lowry,75,LE
632,Titans,Jonnu Smith,75,TE
633,Vikings,Irv Smith Jr,75,TE
634,Bears,Bilal Nichols,74,RE
635,Broncos,Todd Davis,74,MLB
636,Broncos,Noah Fant,74,TE
637,Chiefs,Eric Fisher,74,LT
638,Colts,Xavier Rhodes,74,CB
639,Redskins,Fabian Moreau,74,CB
640,Saints,Patrick Robinson,74,CB
641,Raiders,Erik Harris,74,FS
642,Ravens,Anthony Levine Sr,74,SS
643,Dolphins,Jakeem Grant,74,WR
644,Chiefs,Clyde Edwards-Helaire,74,HB
645,Lions,D'Andre Swift,74,HB
646,Redskins,Peyton Barber,74,HB
647,Saints,Ty Montgomery II,74,HB
648,Jaguars,Aaron Lynch,74,LE
649,Jets,Connor McGovern,74,C
650,Panthers,Yetur Gross-Matos,74,RE
651,Redskins,Cody Latimer,74,WR
652,Seahawks,Jacob Hollister,74,TE
653,Seahawks,Mike Iupati,74,LG
654,Titans,Kamalei Correa,74,LOLB
655,Bills,Harrison Phillips,74,DT
656,Steelers,Terrell Edmunds,74,SS
657,Saints,P.J. Williams,74,CB
658,Colts,Zach Pascal,74,WR
659,Jaguars,Rashaan Melvin,74,CB
660,Eagles,Jake Elliott,74,K
661,Raiders,Jalen Richard,74,HB
662,Giants,Kyler Fackrell,74,ROLB
663,Jets,Patrick Onwuasor,74,MLB
664,Lions,Taylor Decker,74,LT
665,Raiders,Alec Ingold,74,FB
666,Rams,A'Shawn Robinson,74,DT
667,Texans,Darren Fells,74,TE
668,Titans,Vic Beasley Jr,74,LOLB
669,49ers,Trent Taylor,74,WR
670,Bills,Jon Feliciano,74,RG
671,Browns,Rashard Higgins,74,WR
672,Buccaneers,Bradley Pinion,74,P
673,Dolphins,Ryan Fitzpatrick,74,QB
674,Jaguars,Ronnie Harrison,74,SS
675,49ers,Jason Verrett,74,CB
676,Rams,Troy Hill,74,CB
677,Dolphins,Jerome Baker,74,MLB
678,Dolphins,Matt Haack,74,P
679,Eagles,Corey Clement,74,HB
680,Vikings,Alexander Mattison,74,HB
681,Jaguars,K'Lavon Chaisson,74,RE
682,Jets,Jordan Jenkins,74,ROLB
683,Packers,Marquez Valdes-Scantling,74,WR
684,Raiders,Hunter Renfrow,74,WR
685,Saints,Trey Hendrickson,74,RE
686,Saints,Margus Hunt,74,DT
687,Saints,Tre'Quan Smith,74,WR
688,Seahawks,Bruce Irvin,74,LOLB
689,Seahawks,Benson Mayowa,74,LE
690,Texans,Zach Fulton,74,RG
691,Browns,Andy Janovich,74,FB
692,Buccaneers,William Gholston,74,LE
693,Raiders,Jeff Heath,74,SS
694,Colts,Rigoberto Sanchez,74,P
695,Jaguars,Tre Herndon,74,CB
696,Giants,Xavier McKinney,74,FS
697,Colts,Khari Willis,74,SS
698,Dolphins,Christian Wilkins,74,RE
699,Chargers,Justin Jackson,74,HB
700,Jaguars,Taven Bryan,74,DT
701,Patriots,Damiere Byrd,74,WR
702,Patriots,N'Keal Harry,74,WR
703,49ers,Travis Benjamin,74,WR
704,Cardinals,De'Vondre Campbell,74,MLB
705,Cardinals,Zane Gonzalez,74,K
706,Vikings,Mike Hughes,74,CB
707,49ers,Ahkello Witherspoon,74,CB
708,Dolphins,Eric Rowe,74,SS
709,Falcons,Allen Bailey,74,LE
710,Patriots,Deatrich Wise Jr,74,RE
711,Vikings,Justin Jefferson,74,WR
712,Chargers,Nick Vigil,73,ROLB
713,Colts,Mark Glowinski,73,RG
714,Colts,Anthony Walker Jr,73,MLB
715,Falcons,Kendall Sheffield,73,CB
716,Eagles,J.J. Arcega-Whiteside,73,WR
717,Eagles,Jalen Reagor,73,WR
718,Giants,Lorenzo Carter,73,ROLB
719,Packers,Tim Williams,73,ROLB
720,Saints,Noah Spence,73,RE
721,Texans,Brennan Scarlett,73,LOLB
722,Bills,Lee Smith,73,TE
723,Jets,Sam Darnold,73,QB
724,Chiefs,Mike Pennel Jr,73,DT
725,Chiefs,Ricky Seals-Jones,73,TE
726,Saints,D.J. Swearinger Sr,73,SS
727,Patriots,Kyle Dugger,73,SS
728,Eagles,Rasul Douglas,73,CB
729,Texans,Vernon Hargreaves III,73,CB
730,Dolphins,Allen Hurns,73,WR
731,Buccaneers,Jordan Whitehead,73,SS
732,Jaguars,Jarrod Wilson,73,FS
733,Eagles,Josh Sweat,73,LE
734,Colts,Jonathan Taylor,73,HB
735,Panthers,Joey Slye,73,K
736,Raiders,Kolton Miller,73,LT
737,Texans,Bryan Anger,73,P
738,Bills,Robert Foster,73,WR
739,Cardinals,Jordan Phillips,73,RE
740,Dolphins,Tua Tagovailoa,73,QB
741,Chiefs,Anthony Hitchens,73,MLB
742,Cowboys,Maurice Canady,73,CB
743,Giants,Julian Love,73,CB
744,Browns,Terrance Mitchell,73,CB
745,Chiefs,DeAndre Washington,73,HB
746,Raiders,P.J. Hall,73,DT
747,Ravens,Matt Skura,73,C
748,Texans,Ross Blacklock,73,RE
749,Texans,Keke Coutee,73,WR
750,Bears,Pat O'Donnell,73,P
751,Bills,Star Lotulelei,73,DT
752,Cardinals,J.R. Sweezy,73,RG
753,Chargers,Michael Davis,73,CB
754,Raiders,Nevin Lawson,73,CB
755,Dolphins,Ereck Flowers,73,LG
756,Packers,Kevin King,73,CB
757,Eagles,Genard Avery,73,RE
758,Bills,T.J. Yeldon,73,HB
759,Giants,Wayne Gallman Jr,73,HB
760,Jets,Nathan Shepherd,73,LE
761,Lions,Geronimo Allison,73,WR
762,Lions,Christian Jones,73,ROLB
763,Redskins,Dustin Hopkins,73,K
764,Saints,Alex Anzalone,73,MLB
765,Seahawks,Shaquem Griffin,73,LOLB
766,Vikings,C.J. Ham,73,FB
767,49ers,Ronald Blair III,73,LE
768,49ers,Willie Henry,73,LE
769,Bengals,Randy Bullock,73,K
770,Bengals,Logan Wilson,73,MLB
771,Browns,Jedrick Wills Jr,73,LT
772,Cardinals,D.J. Humphries,73,LT
773,Chargers,Kenneth Murray Jr,73,ROLB
774,Raiders,Johnathan Abram,73,SS
775,Bears,Jaylon Johnson,73,CB
776,Jets,Blessuan Austin,73,CB
777,Cardinals,Robert Alford,73,CB
778,Buccaneers,Mike Edwards,73,FS
779,Cardinals,Jalen Thompson,73,FS
780,Dolphins,Preston Williams,73,WR
781,Falcons,Foyesade Oluokun,73,ROLB
782,Rams,Cam Akers,73,HB
783,Raiders,Clelin Ferrell,73,RE
784,Bears,Demetrius Harris,72,TE
785,Bears,Eddy Pineiro,72,K
786,Bengals,Alex Erickson,72,WR
787,Bengals,C.J. Uzomah,72,TE
788,Bills,Ty Nsekhe,72,RT
789,Chargers,Drue Tranquill,72,MLB
790,Bills,E.J. Gaines,72,CB
791,Bengals,Darius Phillips,72,CB
792,Texans,Eric Murray,72,FS
793,Falcons,Chris Lindstrom,72,RG
794,Packers,A.J. Dillon,72,HB
795,Ravens,Jaylon Ferguson,72,ROLB
796,Texans,Ka'imi Fairbairn,72,K
797,Bengals,Jonah Williams,72,LT
798,Bills,A.J. Epenesa,72,LE
799,Bills,A.J. Klein,72,ROLB
800,Bills,Isaiah McKenzie,72,WR
801,Browns,Taywan Taylor,72,WR
802,Cardinals,Andy Isabella,72,WR
803,Colts,Bobby Okereke,72,MLB
804,Browns,Grant Delpit,72,FS
805,Eagles,Jatavis Brown,72,ROLB
806,Rams,Terrell Burgess,72,FS
807,Colts,Jordan Wilkins,72,HB
808,Ravens,Justice Hill,72,HB
809,Jets,Josh Bellamy,72,WR
810,Jets,Folorunso Fatukasi,72,RE
811,Steelers,Benny Snell Jr,72,HB
812,Patriots,Beau Allen,72,DT
813,Patriots,Brandon Copeland,72,LOLB
814,Patriots,Josh Uche,72,ROLB
815,Ravens,Miles Boykin,72,WR
816,Redskins,Shaun Dion Hamilton,72,LOLB
817,Saints,Kiko Alonso,72,LOLB
818,Steelers,Tyson Alualu,72,LE
819,Texans,Charles Omenihu,72,LE
820,Titans,Jack Crawford,72,RE
821,Vikings,Anthony Zettel,72,LE
822,Chargers,Denzel Perryman,72,MLB
823,Chargers,Jerry Tillery,72,DT
824,Chiefs,Breeland Speaks,72,LE
825,Chiefs,Damien Wilson,72,ROLB
826,Cowboys,Andy Dalton,72,QB
827,Browns,Kevin Johnson,72,CB
828,Jaguars,Abry Jones,72,DT
829,Jaguars,Laviska Shenault Jr,72,WR
830,Jets,Mekhi Becton,72,LT
831,Packers,Rashan Gary,72,LOLB
832,Packers,Christian Kirksey,72,MLB
833,Texans,Duke Ejiofor,72,ROLB
834,49ers,Brandon Aiyuk,72,WR
835,Colts,Parris Campbell,72,WR
836,Dolphins,Jason Sanders,72,K
837,Raiders,Ken Crawley,72,CB
838,Giants,Oshane Ximines,72,ROLB
839,Eagles,Boston Scott,72,HB
840,Steelers,Jaylen Samuels,72,HB
841,Jets,Christopher Herndon IV,72,TE
842,Jets,Alex Lewis,72,LG
843,Ravens,Patrick Queen,72,MLB
844,Redskins,Cole Holcomb,72,LOLB
845,Seahawks,Cody Barton,72,LOLB
846,Steelers,Ryan Switzer,72,WR
847,Titans,Khari Blasingame,72,FB
848,49ers,D.J. Jones,72,DT
849,Bears,Mitchell Trubisky,72,QB
850,Giants,Daniel Jones,72,QB
851,Cowboys,Blake Jarwin,72,TE
852,Redskins,Sean Davis,72,SS
853,Jets,Quincy Wilson,72,CB
854,Giants,DeAndre Baker,72,CB
855,Eagles,Jalen Mills,72,SS
856,Jets,Matthias Farley,72,SS
857,Texans,Jaylen Watkins,72,SS
858,Giants,Blake Martinez,72,MLB
859,Jets,Ryan Griffin,72,TE
860,Patriots,Jake Bailey,72,P
861,Raiders,Marquel Lee,72,LOLB
862,Redskins,Trey Quinn,72,WR
863,Redskins,Steven Sims,72,WR
864,Saints,Malcom Brown,72,DT
865,Vikings,Pat Elflein,72,LG
866,Bears,Roy Robertson-Harris,71,LE
867,Bills,Vernon Butler Jr,71,DT
868,Bills,Daryl Williams,71,LG
869,Broncos,Netane Muti,71,RG
870,Packers,Jordan Love,71,QB
871,Colts,Tyquan Lewis,71,DT
872,Cowboys,Dorance Armstrong,71,RE
873,Cowboys,Joe Thomas,71,ROLB
874,Falcons,Isaiah Oliver,71,CB
875,Patriots,Terrence Brooks,71,SS
876,Giants,Andrew Thomas,71,RT
877,Jets,Braden Mann,71,P
878,Rams,Darrell Henderson Jr,71,HB
879,Ravens,Justin Ellis,71,DT
880,Ravens,L.J. Fort,71,MLB
881,Redskins,Kelvin Harmon,71,WR
882,Saints,Cesar Ruiz,71,RG
883,Texans,Dylan Cole,71,MLB
884,49ers,Richie James Jr,71,WR
885,Bears,Brent Urban,71,LE
886,Bills,Corey Bojorquez,71,P
887,Bills,Tyler Kroft,71,TE
888,Buccaneers,Kendell Beckwith,71,MLB
889,Cardinals,Hakeem Butler,71,WR
890,Chargers,Michael Badgley,71,K
891,Chargers,Virgil Green,71,TE
892,Colts,Michael Pittman Jr,71,WR
893,Seahawks,Marquise Blair,71,FS
894,Chiefs,Daniel Sorensen,71,SS
895,Jaguars,Cassius Marsh Sr,71,LE
896,Redskins,Bryce Love,71,HB
897,Ravens,Justin Madubuike,71,RE
898,Seahawks,Jordyn Brooks,71,MLB
899,Steelers,Matt Feiler,71,RT
900,Texans,Tytus Howard,71,RT
901,Chiefs,Mike Remmers,71,LG
902,Cowboys,Aldon Smith,71,RE
903,Cowboys,Connor Williams,71,LG
904,Vikings,Holton Hill,71,CB
905,Colts,T.J. Carrie,71,CB
906,Lions,Amani Oruwariye,71,CB
907,Eagles,K'Von Wallace,71,SS
908,Texans,Michael Thomas,71,SS
909,Jaguars,James O'Shaughnessy,71,TE
910,Jaguars,Cam Robinson,71,LT
911,Jets,Josh Doctson,71,WR
912,Packers,Tyler Lancaster,71,DT
913,Packers,Allen Lazard,71,WR
914,Ravens,Bradley Bozeman,71,LG
915,Redskins,Ryan Anderson,71,LE
916,Steelers,Derek Watt,71,FB
917,Vikings,Ben Gedeon,71,ROLB
918,Vikings,Riley Reiff,71,LT
919,Bengals,Tee Higgins,71,WR
920,Bills,Dawson Knox,71,TE
921,Broncos,Christian Covington,71,RE
922,Chiefs,Khalen Saunders,71,DT
923,Colts,Jacoby Brissett,71,QB
924,Dolphins,Vince Biegel,71,ROLB
925,Dolphins,Isaiah Ford,71,WR
926,Texans,Lonnie Johnson Jr,71,CB
927,Vikings,Jeff Gladney,71,CB
928,Dolphins,Nik Needham,71,CB
929,Lions,Mike Ford,71,CB
930,Falcons,Marlon Davidson,71,LE
931,Chargers,Nasir Adderley,71,FS
932,Falcons,Deadrin Senat,71,DT
933,Bills,Taiwan Jones,71,HB
934,Lions,Marvin Hall Jr,71,WR
935,Dolphins,Kalen Ballage,71,HB
936,Lions,Romeo Okwara,71,RE
937,Lions,Jahlani Tavai,71,MLB
938,Texans,Jordan Akins,71,TE
939,Vikings,Eric Wilson,71,ROLB
940,Browns,Austin Seibert,71,K
941,Buccaneers,Tristan Wirfs,71,RT
942,Bears,Nick Foles,71,QB
943,Cowboys,Trysten Hill,71,DT
944,Dolphins,Raekwon Davis,71,RE
945,Dolphins,Elandon Roberts,71,MLB
946,Jets,Ashtyn Davis,71,FS
947,Packers,Josh Jackson,71,CB
948,Giants,Grant Haley,71,CB
949,Rams,David Long Jr,71,CB
950,Buccaneers,Andrew Adams,71,SS
951,Giants,Corey Coleman,71,WR
952,Jaguars,A.J. Cann,71,RG
953,Vikings,Ameer Abdullah,71,HB
954,Ravens,Devin Duvernay,71,WR
955,Ravens,Chris Moore,71,WR
956,Texans,Nick Martin,71,C
957,Bears,Barkevious Mingo,70,ROLB
958,Bengals,Germaine Pratt,70,MLB
959,Cardinals,KeeSean Johnson,70,WR
960,Chargers,Kyzir White,70,LOLB
961,Chiefs,Tanoh Kpassagnon,70,RE
962,Colts,Chad Williams,70,WR
963,Cowboys,Devin Smith,70,WR
964,Eagles,Isaac Seumalo,70,LG
965,Redskins,Greg Stroman,70,CB
966,Steelers,Justin Layne,70,CB
967,Titans,Amani Hooker,70,FS
968,Jets,Blake Cashman,70,MLB
969,Lions,Jesse James,70,TE
970,Patriots,Brandon Bolden,70,HB
971,Rams,Van Jefferson,70,WR
972,Texans,Jacob Martin,70,LOLB
973,Bills,Cody Ford,70,RT
974,Bills,Andre Roberts,70,WR
975,Broncos,K.J. Hamler,70,WR
976,Broncos,Josey Jewell,70,MLB
977,Colts,Ben Banogu,70,RE
978,Colts,Marcus Johnson,70,WR
979,Redskins,Dwayne Haskins Jr,70,QB
980,Cowboys,Neville Gallimore,70,DT
981,Jaguars,Gardner Minshew II,70,QB
982,Eagles,Greg Ward Jr,70,WR
983,Chargers,Rayshawn Jenkins,70,FS
984,49ers,Jamar Taylor,70,CB
985,Patriots,Joejuan Williams,70,CB
986,Jaguars,Parry Nickerson,70,CB
987,Cardinals,Deionte Thompson,70,SS
988,Jaguars,Dawuane Smoot,70,RE
989,Jets,Denzel Mims,70,WR
990,Jets,Jordan Willis,70,ROLB
991,Lions,Jarrad Davis,70,MLB
992,Bills,Zack Moss,70,HB
993,Steelers,Chase Claypool,70,WR
994,Bears,Cole Kmet,70,TE
995,Bills,Quinton Jefferson,70,DT
996,Bills,Vincent Taylor,70,DT
997,Broncos,Jeff Heuerman,70,TE
998,Chargers,Justin Jones,70,DT
999,Cowboys,Noah Brown,70,WR
1000,Dolphins,Ted Karras,70,C
1001,Dolphins,Clayton Fejedelem,70,SS
1002,Panthers,Jeremy Chinn,70,SS
1003,Redskins,Jimmy Moreland,70,CB
1004,Giants,Elijhaa Penny,70,FB
1005,Giants,Nate Solder,70,LT
1006,Jets,Tarell Basham,70,ROLB
1007,Jets,Braxton Berrios,70,WR
1008,Buccaneers,T.J. Logan,70,HB
1009,Jets,Josh Adams,70,HB
1010,Packers,Jake Kumerow,70,WR
1011,Panthers,Ian Thomas,70,TE
1012,Patriots,Jakobi Meyers,70,WR
1013,Saints,Mario Edwards Jr,70,DT
1014,Titans,Nate Davis,70,RG
1015,Broncos,Tim Patrick,70,WR
1016,Chiefs,Dorian O'Daniel,70,LOLB
1017,Colts,Roosevelt Nix,70,FB
1018,Broncos,Drew Lock,70,QB
1019,Dolphins,Kamu Grugier-Hill,70,MLB
1020,Falcons,Sterling Hofrichter,70,P
1021,Buccaneers,Justin Evans,70,SS
1022,Colts,Marvell Tell III,70,CB
1023,Chiefs,Rashad Fenton,70,CB
1024,Jaguars,Logan Cooke,70,P
1025,Jaguars,Davon Hamilton,70,DT
1026,Jaguars,Jawaan Taylor,70,RT
1027,Rams,Morgan Fox,70,RE
1028,Saints,Deonte Harris,70,WR
1029,Texans,Max Scharping,70,LG
1030,Vikings,Ifeadi Odenigbo,70,RE
1031,Bears,Germain Ifedi,70,RG
1032,Broncos,Jake Butt,70,TE
1033,Broncos,DaeSean Hamilton,70,WR
1034,Buccaneers,Matt Gay,70,K
1035,Buccaneers,Donovan Smith,70,LT
1036,Chiefs,Taco Charlton,70,LE
1037,Chargers,Justin Herbert,70,QB
1038,Cowboys,Kai Forbath,70,K
1039,Raiders,Damon Arnette Jr,70,CB
1040,Dolphins,Noah Igbinoghene,70,CB
1041,Falcons,A.J. Terrell,70,CB
1042,Bears,Artie Burns,70,CB
1043,Raiders,Devontae Booker,70,HB
1044,Panthers,Zach Kerr,70,DT
1045,Panthers,Chris Manhertz,70,TE
1046,Raiders,Bryan Edwards,70,WR
1047,Raiders,Arden Key,70,RE
1048,Bears,Riley Ridley,69,WR
1049,Bengals,Ryan Glasgow,69,DT
1050,Broncos,McTelvin Agim,69,LE
1051,Broncos,Garett Bolles,69,LT
1052,Chiefs,Byron Pringle,69,WR
1053,Cowboys,Cedrick Wilson,69,WR
1054,Titans,Kristian Fulton,69,CB
1055,Lions,Jayron Kearse,69,SS
1056,Colts,Julian Blackmon,69,FS
1057,Bears,Jordan Lucas,69,FS
1058,Patriots,Damien Harris,69,HB
1059,Panthers,Stephen Weatherly,69,LE
1060,Titans,Darrynton Evans,69,HB
1061,Raiders,Daniel Carlson,69,K
1062,Seahawks,Darrell Taylor,69,LE
1063,Titans,Reggie Gilbert,69,LOLB
1064,Broncos,Jeremiah Attaochu,69,LOLB
1065,Browns,Damion Ratley,69,WR
1066,Buccaneers,Kevin Minter,69,MLB
1067,Cardinals,Leki Fotu,69,DT
1068,Cowboys,Joe Looney,69,C
1069,Cowboys,Justin March,69,ROLB
1070,Cowboys,Jamize Olawale,69,FB
1071,Chargers,Tyrod Taylor,69,QB
1072,Falcons,Ryan Allen,69,P
1073,Falcons,Deone Bucannon,69,MLB
1074,Falcons,John Cominsky,69,LE
1075,Giants,Riley Dixon,69,P
1076,49ers,Tarvarius Moore,69,FS
1077,Cowboys,Trevon Diggs,69,CB
1078,Redskins,Troy Apke,69,FS
1079,Titans,Dane Cruikshank,69,SS
1080,Buccaneers,Ke'Shawn Vaughn,69,HB
1081,Dolphins,Patrick Laird,69,HB
1082,Panthers,Jermaine Carter Jr,69,ROLB
1083,Lions,Bo Scarbrough,69,HB
1084,Patriots,Justin Rohrwasser,69,K
1085,Rams,Ogbonnia Okoronkwo,69,ROLB
1086,Ravens,Malik Harrison,69,MLB
1087,Ravens,Bronson Rechsteiner,69,FB
1088,Seahawks,Luke Willson,69,TE
1089,Vikings,Shamar Stephen,69,DT
1090,49ers,Kerry Hyder,69,RE
1091,Bears,Javon Wims,69,WR
1092,Bills,Gabriel Davis,69,WR
1093,Broncos,Dre'Mont Jones,69,LE
1094,Broncos,DeMarcus Walker,69,RE
1095,Cardinals,Zach Allen,69,LE
1096,Cardinals,Lamont Gaillard,69,LG
1097,Eagles,Cameron Johnston,69,P
1098,Falcons,Charles Harris,69,LE
1099,Jaguars,Josh Jones,69,SS
1100,Browns,Sheldrick Redwine,69,FS
1101,Broncos,Isaac Yiadom,69,CB
1102,Buccaneers,Ryan Smith,69,CB
1103,Titans,Ibraheim Campbell,69,FS
1104,Texans,Phillip Gaines,69,CB
1105,Bills,Dean Marlowe,69,SS
1106,Jets,Frankie Luvu,69,LOLB
1107,Jets,Brett Maher,69,K
1108,Packers,Lane Taylor,69,LG
1109,Panthers,Alex Armah Jr,69,FB
1110,Panthers,Greg Little,69,LT
1111,Redskins,Antonio Gibson,69,HB
1112,Raiders,Foster Moreau,69,TE
1113,Redskins,Jon Bostic,69,MLB
1114,Redskins,Antonio Gandy-Golden,69,WR
1115,Redskins,Kevin Pierre-Louis,69,MLB
1116,Texans,Jordan Thomas,69,TE
1117,Bills,Tyler Bass,69,K
1118,Buccaneers,Scotty Miller,69,WR
1119,Cardinals,Trevon Coley,69,LE
1120,Dolphins,Ricardo Louis,69,WR
1121,Falcons,Jamon Brown,69,RG
1122,Falcons,Laquon Treadwell,69,WR
1123,Dolphins,Kavon Frazier,69,SS
1124,Jaguars,Leon Jacobs,69,LOLB
1125,Texans,Keion Crossen,69,CB
1126,Steelers,Cameron Sutton,69,CB
1127,Jets,Nate Hairston,69,CB
1128,Jaguars,Quincy Williams,69,ROLB
1129,49ers,D.J. Reed Jr,69,CB
1130,Lions,Will Harris,69,SS
1131,Lions,Julian Okwara,69,RE
1132,Raiders,Lynn Bowden Jr,69,HB
1133,Saints,Zack Baun,69,LOLB
1134,Texans,Brandon Dunn,69,DT
1135,Jets,Joe Flacco,69,QB
1136,Dolphins,Andrew Van Ginkel,69,ROLB
1137,Eagles,Andre Dillard,69,LT
1138,Eagles,Shelton Gibson,69,WR
1139,Colts,George Odum,69,FS
1140,Bengals,LeShaun Sims,69,CB
1141,Packers,Chandon Sullivan,69,CB
1142,Jets,Trenton Cannon,69,HB
1143,Patriots,Devin Asiasi,69,TE
1144,Saints,Maurice Harris,69,WR
1145,Seahawks,Ben Burr-Kirven,69,ROLB
1146,Seahawks,Rasheem Green,69,RE
1147,Texans,DeAndre Carter,69,WR
1148,Titans,Anthony Firkser,69,TE
1149,Bears,John Jenkins,68,RE
1150,Bengals,Akeem Davis-Gaither,68,ROLB
1151,Bengals,Trey Hopkins,68,C
1152,Bengals,Renell Wren,68,DT
1153,Bills,Patrick DiMarco,68,FB
1154,Browns,Chris Hubbard,68,RT
1155,Colts,Rodrigo Blankenship,68,K
1156,Dolphins,Sam Eguavoen,68,ROLB
1157,Eagles,Nathan Gerry,68,LOLB
1158,Eagles,Duke Riley,68,LOLB
1159,Giants,Levine Toilolo,68,TE
1160,Patriots,Cody Davis,68,FS
1161,Broncos,Michael Ojemudia,68,CB
1162,Raiders,Amik Robertson,68,CB
1163,Panthers,Marquis Haynes,68,LE
1164,Panthers,Keith Kirkwood,68,WR
1165,Bengals,Rodney Anderson,68,HB
1166,Lions,Ty Johnson,68,HB
1167,Raiders,Marcell Ateman,68,WR
1168,Raiders,Keelan Doss,68,WR
1169,Rams,Sam Sloman,68,K
1170,Saints,Austin Carr,68,WR
1171,Seahawks,Sutton Smith,68,ROLB
1172,Vikings,Olabisi Johnson,68,WR
1173,Bills,Jason Croom,68,TE
1174,Broncos,Mike Purcell,68,DT
1175,Broncos,Malik Reed,68,ROLB
1176,Browns,Jordan Elliott,68,DT
1177,Browns,Wyatt Teller,68,RG
1178,Cowboys,Cameron Erving,68,LT
1179,Dolphins,Mack Hollins,68,WR
1180,Raiders,Marcus Mariota,68,QB
1181,Eagles,John Hightower,68,WR
1182,Eagles,Hassan Ridgeway,68,DT
1183,Jets,Greg Van Roten,68,RG
1184,Lions,Joe Dahl,68,LG
1185,Cowboys,Darian Thompson,68,FS
1186,Seahawks,Ugo Amadi,68,CB
1187,Buccaneers,M.J. Stewart Jr,68,CB
1188,Dolphins,Ryan Lewis,68,CB
1189,Ravens,Jordan Richards,68,SS
1190,Bears,Sherrick McManis,68,FS
1191,Patriots,Shilique Calhoun,68,LOLB
1192,Rams,Greg Gaines,68,DT
1193,Ravens,Jaleel Scott,68,WR
1194,Saints,Anthony Chickillo,68,RE
1195,Saints,Adam Trautman,68,TE
1196,Steelers,Deon Cain,68,WR
1197,Titans,Kalif Raymond,68,WR
1198,Bengals,Kevin Huber,68,P
1199,Bills,Ray-Ray McCloud III,68,WR
1200,Broncos,Lloyd Cushenberry III,68,C
1201,Chargers,Forrest Lamp,68,LG
1202,Redskins,Alex Smith,68,QB
1203,Falcons,Steven Means,68,LE
1204,Giants,Cody Core,68,WR
1205,Giants,David Mayo,68,MLB
1206,Seahawks,Lano Hill,68,FS
1207,Dolphins,Cordrea Tankersley,68,CB
1208,Bengals,Tony Brown,68,CB
1209,Packers,Treyvon Hester,68,LE
1210,Packers,Jace Sternberger,68,TE
1211,Panthers,Michael Schofield III,68,RG
1212,Titans,D'Andre Walker,68,LOLB
1213,49ers,Ben Garland,68,C
1214,Bears,Trevor Davis,68,WR
1215,Bears,Adam Shaheen,68,TE
1216,Browns,Kendall Lamm,68,LT
1217,Browns,Sione Takitaki,68,LOLB
1218,Buccaneers,Tyler Johnson,68,WR
1219,Eagles,Jalen Hurts,68,QB
1220,Jaguars,Rodney Gunter,68,DT
1221,Giants,Rashaan Gaulden,68,SS
1222,Ravens,Geno Stone,68,SS
1223,Chargers,Roderic Teamer Jr,68,SS
1224,Saints,Johnson Bademosi,68,CB
1225,Raiders,Isaiah Johnson,68,CB
1226,Giants,Sam Beal,68,CB
1227,Saints,Dwayne Washington,68,HB
1228,Steelers,Stefen Wisniewski,68,LG
1229,Texans,Angelo Blackson,68,RE
1230,49ers,Jalen Hurd,68,WR
1231,Bengals,Cethan Carter,68,FB
1232,Broncos,Nick Vannett,68,TE
1233,Broncos,Elijah Wilkinson,68,LG
1234,Chargers,Malik Jefferson,68,ROLB
1235,Chiefs,Willie Gay Jr,68,ROLB
1236,Chiefs,Ben Niemann,68,MLB
1237,Jets,George Fant,68,RT
1238,Jets,Harvey Langi,68,LOLB
1239,Dolphins,Brandon Jones,68,FS
1240,Jets,Jabari Zuniga,68,LOLB
1241,Lions,Nick Williams,68,DT
1242,Jaguars,Josiah Scott,68,CB
1243,Broncos,Duke Dawson Jr,68,FS
1244,Patriots,Derek Rivers,68,LE
1245,Chiefs,Darrel Williams,68,HB
1246,Ravens,Jihad Ward,68,LE
1247,Redskins,Nate Orchard,68,RE
1248,Bengals,Jordan Evans,67,ROLB
1249,Bengals,Stanley Morgan Jr,67,WR
1250,Bengals,Drew Sample,67,TE
1251,Browns,B.J. Goodson,67,MLB
1252,Colts,Sheldon Day,67,DT
1253,Colts,Reece Fountain,67,WR
1254,Colts,Al-Quadin Muhammad,67,RE
1255,Dolphins,Gary Jennings,67,WR
1256,Dolphins,Avery Moss,67,LE
1257,Falcons,James Carpenter,67,LG
1258,Falcons,Younghoe Koo,67,K
1259,Falcons,Kaleb McGary,67,RT
1260,Jaguars,Josh Oliver,67,TE
1261,Lions,Geremy Davis,67,WR
1262,49ers,Marcell Harris,67,SS
1263,Eagles,Rudy Ford,67,SS
1264,Dolphins,Steven Parker,67,FS
1265,Panthers,John Miller,67,RG
1266,Panthers,Troy Pride Jr,67,CB
1267,Raiders,Nicholas Morrow,67,MLB
1268,Raiders,Daniel Ross,67,DT
1269,Falcons,Brian Hill,67,HB
1270,Rams,John Kelly,67,HB
1271,Steelers,Anthony McFarland,67,HB
1272,Rams,Jachai Polite,67,ROLB
1273,Steelers,Amara Darboh,67,WR
1274,Texans,Chad Hansen,67,WR
1275,Vikings,Armon Watts,67,DT
1276,Buccaneers,Anthony Nelson,67,LOLB
1277,Colts,Matthew Adams,67,ROLB
1278,Dolphins,Josh Rosen,67,QB
1279,Falcons,Matt Hennessy,67,C
1280,Giants,Austin Johnson,67,RE
1281,Jaguars,C.J. Board,67,WR
1282,Lions,Halapoulivaati Vaitai,67,RT
1283,Packers,Josiah Deguara,67,TE
1284,Dolphins,Adrian Colbert,67,FS
1285,Ravens,DeShon Elliott,67,FS
1286,Packers,Ka'Dar Hollman,67,CB
1287,Bengals,Torry McTyer,67,CB
1288,Patriots,Danny Vitale,67,FB
1289,Rams,Terrell Lewis,67,LOLB
1290,Saints,Michael Burton,67,FB
1291,Steelers,Chris Wormley,67,DT
1292,49ers,Tom Compton,67,RG
1293,Bills,Duke Williams,67,WR
1294,Browns,Porter Gustin,67,LE
1295,Browns,Jacob Phillips,67,MLB
1296,Buccaneers,Justin Watson,67,WR
1297,Cowboys,Dalton Schultz,67,TE
1298,Browns,Case Keenum,67,QB
1299,Eagles,Davion Taylor,67,ROLB
1300,Falcons,LaRoy Reynolds,67,ROLB
1301,Jets,John Franklin-Myers,67,LE
1302,Jets,Jonotthan Harrison,67,C
1303,49ers,Derrick Kindred,67,SS
1304,Giants,Nate Ebner,67,SS
1305,Ravens,Iman Lewis-Marshall,67,CB
1306,Giants,Darnay Holmes,67,CB
1307,Ravens,Anthony Averett,67,CB
1308,Raiders,Tanner Muse,67,ROLB
1309,Raiders,Kyle Wilber,67,LOLB
1310,Raiders,Rod Smith,67,HB
1311,Ravens,De'Anthony Thomas,67,WR
1312,Titans,MyCole Pruitt,67,TE
1313,Vikings,Dru Samia,67,RG
1314,Bengals,Austin Calitro,67,MLB
1315,Bengals,Billy Price,67,LG
1316,Browns,Chad Thomas,67,LE
1317,Cardinals,Trent Sherfield,67,WR
1318,Chargers,Joe Reed,67,WR
1319,Chargers,Isaac Rochell,67,LE
1320,Jaguars,Collin Johnson,67,WR
1321,Bills,Jaquan Johnson,67,FS
1322,Steelers,Jordan Dangerfield,67,SS
1323,Panthers,T.J. Green,67,CB
1324,Giants,Corey Ballentine,67,CB
1325,Bengals,Greg Mabin,67,CB
1326,Jets,Bryce Hall,67,CB
1327,Chiefs,L'Jarius Sneed,67,FS
1328,Patriots,Anfernee Jennings,67,LOLB
1329,Bills,Christian Wade,67,HB
1330,Buccaneers,Dare Ogunbowale,67,HB
1331,Vikings,Mike Boone,67,HB
1332,Saints,Shy Tuttle,67,DT
1333,Steelers,Alex Highsmith,67,ROLB
1334,Titans,Greg Joseph,67,K
1335,Vikings,Chad Beebe,67,WR
1336,Vikings,Jaleel Johnson,67,DT
1337,Bears,Eric Saubert,67,TE
1338,Bengals,Xavier Su'a-Filo,67,LG
1339,Browns,Harrison Bryant,67,TE
1340,Browns,Tae Davis,67,LOLB
1341,Chargers,Dan Feeney,67,LG
1342,Chiefs,Austin Reiter,67,C
1343,Cowboys,Jon'Vea Johnson,67,WR
1344,Dolphins,Robert Hunt,67,RG
1345,Falcons,Russell Gage Jr,67,WR
1346,Jets,James Burgess Jr,67,MLB
1347,Lions,Austin Bryant,67,LE
1348,Lions,Quintez Cephus,67,WR
1349,Packers,Equanimeous St. Brown,67,WR
1350,Chargers,Joshua Kelley,67,HB
1351,Patriots,J.J. Taylor,67,HB
1352,Ravens,Daylon Mack,67,DT
1353,Redskins,Emanuel Hall,67,WR
1354,Seahawks,L.J. Collier,67,RE
1355,Vikings,Eddie Yarbrough,67,RE
1356,Chargers,Damion Square,66,DT
1357,Chiefs,Andrew Wylie,66,LG
1358,Dolphins,James Crawford,66,LOLB
1359,Ravens,Robert Griffin III,66,QB
1360,Jaguars,Lerentee McCray,66,LE
1361,Jets,Chuma Edoga,66,RT
1362,Lions,Travis Fulgham,66,WR
1363,Panthers,Efe Obada,66,LE
1364,Panthers,Kenny Robinson Jr,66,FS
1365,Patriots,Justin Bethel,66,CB
1366,Patriots,Matt LaCosse,66,TE
1367,Bears,Kevin Toliver II,66,CB
1368,Vikings,Cameron Dantzler,66,CB
1369,Chargers,Alohi Gilman,66,SS
1370,Chiefs,Darwin Thompson,66,HB
1371,Jets,La'Mical Perine,66,HB
1372,Steelers,Dan McCullers,66,DT
1373,Texans,Cullen Gillaspia,66,FB
1374,49ers,Mark Nzeocha,66,LOLB
1375,Bears,Darnell Mooney,66,WR
1376,Bengals,Damion Willis,66,WR
1377,Bills,Kaare Vedvik,66,K
1378,Broncos,Fred Brown,66,WR
1379,Buccaneers,Jeremiah Ledbetter,66,RE
1380,Cardinals,Johnnie Dixon,66,WR
1381,Eagles,Daeshon Hall,66,LE
1382,Jets,Bronson Kaufusi,66,RE
1383,Lions,Tyrell Crosby,66,RT
1384,Panthers,Pharoh Cooper,66,WR
1385,Panthers,Jordan Kunaszyk,66,ROLB
1386,Panthers,Corn Elder,66,CB
1387,Falcons,Blidi Wreh-Wilson,66,CB
1388,Eagles,Tremon Smith,66,CB
1389,Packers,Tyler Ervin,66,HB
1390,Seahawks,Damien Lewis,66,RG
1391,Broncos,Juwann Winfree,66,WR
1392,Browns,KhaDarel Hodge,66,WR
1393,Browns,J'Mon Moore,66,WR
1394,Buccaneers,Alex Cappa,66,RG
1395,Cardinals,Dan Arnold,66,TE
1396,Cardinals,Tanner Vallejo,66,MLB
1397,Cardinals,Ryan Winslow,66,P
1398,Colts,Chase McLaughlin,66,K
1399,49ers,Nick Mullens,66,QB
1400,Jaguars,Terry Godwin II,66,WR
1401,Jets,Kyle Phillips,66,LOLB
1402,Patriots,Dalton Keene,66,TE
1403,Broncos,Khalfani Muhammad,66,HB
1404,Dolphins,Myles Gaskin,66,HB
1405,Seahawks,B.J. Finney,66,C
1406,Titans,Cameron Batson,66,WR
1407,Vikings,Ezra Cleveland,66,LT
1408,Vikings,Brett Jones,66,C
1409,Broncos,Troy Fumagalli,66,TE
1410,Broncos,Albert Okwuegbunam,66,TE
1411,Browns,Donovan Peoples-Jones,66,WR
1412,Browns,Justin Zimmer,66,DT
1413,Buccaneers,Jaydon Mickens,66,WR
1414,Cardinals,Jonathan Bullard,66,RE
1415,Colts,Zaire Franklin,66,ROLB
1416,Falcons,Mykal Walker,66,LOLB
1417,Giants,Ryan Connelly,66,MLB
1418,Lions,Elijah Lee,66,ROLB
1419,Steelers,Antoine Brooks Jr,66,SS
1420,Patriots,Lenzy Pipkins,66,CB
1421,Broncos,Davontae Harris,66,CB
1422,Falcons,Josh Hawkins,66,CB
1423,Raiders,A.J. Cole III,66,P
1424,Raiders,Eric Kush,66,RG
1425,Rams,Sebastian Joseph-Day,66,DT
1426,49ers,Jeff Wilson Jr,66,HB
1427,Jaguars,Ryquell Armstead,66,HB
1428,Redskins,Khaleke Hudson,66,ROLB
1429,Lions,Jason Huntley,66,HB
1430,Seahawks,Phil Haynes,66,LG
1431,Steelers,Chukwuma Okorafor,66,LT
1432,Texans,Isaiah Coulter,66,WR
1433,Bengals,Bobby Hart,66,RT
1434,Bengals,Khalid Kareem,66,LE
1435,Bills,Bryan Cox Jr,66,RE
1436,Cardinals,Miles Brown,66,DT
1437,Cardinals,Kylie Fitts,66,LOLB
1438,Cardinals,Josh Jones,66,RT
1439,Colts,Mo Alie-Cox,66,TE
1440,Eagles,Shareef Miller,66,RE
1441,Jets,Vyncint Smith,66,WR
1442,Lions,Nick Bawden,66,FB
1443,Panthers,Dennis Daley,66,LG
1444,Panthers,Chris Smith,66,RE
1445,Texans,John Reid,66,CB
1446,Bengals,Samaje Perine,66,HB
1447,Redskins,Caleb Brantley,66,DT
1448,Saints,James Hurst,66,RT
1449,Saints,Craig Robertson,66,ROLB
1450,Texans,Jonathan Greenard,66,LOLB
1451,Bears,Isaiah Irving,65,LOLB
1452,Broncos,Diontae Spencer,65,WR
1453,Cardinals,Michael Dogbe,65,LE
1454,Chargers,Scott Quessenberry,65,C
1455,Chiefs,Tommy Townsend,65,P
1456,Dolphins,Chandler Cox,65,FB
1457,Eagles,Quez Watkins,65,WR
1458,Giants,Cameron Fleming,65,RT
1459,Giants,Spencer Pulley,65,C
1460,Jets,Neville Hewitt,65,MLB
1461,Packers,Kingsley Keke,65,RE
1462,Bears,Deon Bush,65,SS
1463,Saints,Justin Hardee Sr,65,CB
1464,Cowboys,Reggie Robinson II,65,CB
1465,Rams,Brian Allen,65,C
1466,Falcons,Jordan Miller,65,CB
1467,Dolphins,Jamal Perry,65,SS
1468,Rams,Micah Kiser,65,MLB
1469,Rams,Joseph Noteboom,65,LG
1470,Rams,Troy Reeder,65,MLB
1471,Redskins,Josh Harvey-Clemons,65,ROLB
1472,Redskins,Richard Rodgers,65,TE
1473,Redskins,Cam Sims,65,WR
1474,Redskins,Jeremy Sprinkle,65,TE
1475,Bengals,Trayveon Williams,65,HB
1476,Browns,Dontrell Hilliard,65,HB
1477,Texans,Karan Higdon,65,HB
1478,Texans,Kahale Warring,65,TE
1479,Browns,Jermaine Grace,65,ROLB
1480,Buccaneers,Josh Wells,65,LT
1481,Cardinals,Justin Murray,65,RT
1482,Chargers,Ty Long,65,P
1483,Colts,Grover Stewart,65,DT
1484,Falcons,Justin McCray,65,LT
1485,Giants,David Sills V,65,WR
1486,Giants,Kaden Smith,65,TE
1487,Jets,Trevon Wesco,65,TE
1488,Lions,Russell Bodine,65,C
1489,Lions,Jalen Reeves-Maybin,65,MLB
1490,Packers,Montravius Adams,65,RE
1491,Patriots,Jakob Johnson,65,FB
1492,Vikings,Josh Metellus,65,FS
1493,Falcons,Sharrod Neasman,65,FS
1494,Redskins,Geron Christian Sr,65,LT
1495,Packers,Dexter Williams,65,HB
1496,Seahawks,Nick Bellore,65,FB
1497,Titans,Shaun Wilson,65,HB
1498,Steelers,Anthony Johnson,65,WR
1499,Titans,Isaiah Mack,65,LE
1500,Titans,Isaiah Wilson,65,RT
1501,Vikings,Troy Dye,65,MLB
1502,Vikings,Cameron Smith,65,MLB
1503,49ers,Ross Dwelley,65,TE
1504,49ers,Joe Walker,65,MLB
1505,Bears,Devante Bond,65,ROLB
1506,Broncos,Justin Hollins,65,ROLB
1507,Browns,Trevon Young,65,RE
1508,Chargers,Darius Jennings,65,WR
1509,Dolphins,Michael Deiter,65,RG
1510,Dolphins,Zach Sieler,65,LE
1511,Redskins,Kyle Allen,65,QB
1512,Falcons,Olamide Zaccheaus,65,WR
1513,Jaguars,Joe Giles-Harris,65,LOLB
1514,Lions,Jack Fox,65,P
1515,Packers,Darrius Shepherd,65,WR
1516,Patriots,Matthew Slater,65,WR
1517,Chargers,Brandon Facyson,65,CB
1518,Rams,Darious Williams,65,CB
1519,Titans,Tye Smith,65,CB
1520,Rams,Brycen Hopkins,65,TE
1521,Ravens,James Proche,65,WR
1522,Redskins,Wes Schweitzer,65,LG
1523,Saints,Nick Easton,65,LG
1524,Cardinals,Eno Benjamin,65,HB
1525,Saints,Taylor Stallworth,65,DT
1526,Seahawks,Colby Parkinson,65,TE
1527,Seahawks,John Ursua,65,WR
1528,Texans,Eddie Vanderdoes,65,RE
1529,Titans,Derick Roberson,65,ROLB
1530,Vikings,K.J. Osborn,65,WR
1531,49ers,Jullian Taylor,65,DT
1532,Bengals,Andrew Brown,65,RE
1533,Bills,Tyler Matakevich,65,MLB
1534,Colts,Ashton Dulin,65,WR
1535,Dolphins,Jason Strowbridge,65,RE
1536,Lions,Chris Lacy,65,WR
1537,Packers,Oren Burks,65,MLB
1538,Panthers,Christian Miller,65,RE
1539,Cardinals,Chris Banjo,65,SS
1540,Raiders,John Simpson,65,LG
1541,Vikings,Nate Meadors,65,CB
1542,Rams,Bobby Evans Jr,65,RT
1543,Redskins,Deshazor Everett,65,SS
1544,Ravens,Ben Powers,65,LG
1545,Ravens,Andre Smith,65,RT
1546,Seahawks,Travis Homer,65,HB
1547,Seahawks,Demarcus Christmas,65,DT
1548,Texans,Carlos Watkins,65,LE
1549,Vikings,Jalyn Holmes,65,LE
1550,49ers,Justin Skule,65,LT
1551,Bears,Trevis Gipson,65,LOLB
1552,Bears,Joel Iyiegbuniwe,65,MLB
1553,Bengals,Alex Redmond,65,RG
1554,Chiefs,Tyler Newsome,65,P
1555,Cowboys,Bradlee Anae,65,LE
1556,Dolphins,Jesse Davis,65,RT
1557,Jaguars,Dakota Allen,65,LOLB
1558,Cowboys,Donovan Wilson,65,SS
1559,Raiders,Derek Carrier,65,TE
1560,Jaguars,Daniel Thomas,65,SS
1561,Bills,Siran Neal,65,SS
1562,49ers,Dontae Johnson,65,CB
1563,Raiders,Nick O'Leary,65,TE
1564,Bills,Dane Jackson,65,CB
1565,Rams,Greg Dortch,65,WR
1566,Redskins,Wes Martin,65,RG
1567,Redskins,Tim Settle,65,DT
1568,Browns,D'Ernest Johnson,65,HB
1569,Seahawks,Alton Robinson,65,RE
1570,Texans,Senio Kelemete,65,LG
1571,Vikings,D.J. Wonnum,65,RE
1572,Buccaneers,Rakeem Nunez-Roches,64,LE
1573,Chargers,Stephen Anderson,64,TE
1574,Dolphins,Curtis Weaver,64,LOLB
1575,Falcons,Austin Larkin,64,RE
1576,Jaguars,Dontavius Russell,64,DT
1577,Lions,Miles Killebrew,64,ROLB
1578,Rams,David Edwards,64,LT
1579,Falcons,Jaylinn Hawkins,64,SS
1580,Vikings,Harrison Hand,64,CB
1581,Ravens,Tyre Phillips,64,RG
1582,Cowboys,C.J. Goodwin,64,CB
1583,Seahawks,Neiko Thorpe,64,CB
1584,Panthers,Juston Burris,64,SS
1585,Steelers,Saeed Blacknall,64,WR
1586,Steelers,Isaiah Buggs,64,RE
1587,Falcons,Qadree Ollison,64,HB
1588,Titans,Ty Sambrailo,64,LT
1589,Vikings,Dillon Mitchell,64,WR
1590,Bills,Spencer Long,64,RG
1591,Bills,Corey Thompson,64,ROLB
1592,Bills,Jonathan Woodard,64,RE
1593,Broncos,Joel Heath,64,DT
1594,Chargers,Gabe Nabers,64,FB
1595,Colts,Gerri Green,64,LE
1596,Cowboys,Connor McGovern,64,RG
1597,Dolphins,Durham Smythe,64,TE
1598,Giants,Carter Coughlin,64,LOLB
1599,Jaguars,Michael Walker,64,WR
1600,Lions,Jason Cabinda,64,MLB
1601,Packers,Jamal Davis II,64,ROLB
1602,Patriots,Ryan Izzo,64,TE
1603,Rams,Justin Lawler,64,LOLB
1604,Jaguars,Doug Middleton,64,FS
1605,Falcons,C.J. Reavis,64,FS
1606,Bears,Xavier Crawford,64,CB
1607,Rams,Dont'e Deayon,64,CB
1608,Dolphins,Tae Hayes,64,CB
1609,Cardinals,Duke Thomas,64,CB
1610,Redskins,Logan Thomas,64,TE
1611,Saints,Tommylee Lewis,64,WR
1612,Saints,Ricky Ortiz,64,FB
1613,Seahawks,DeeJay Dallas,64,HB
1614,Steelers,Trey Edmunds,64,HB
1615,Titans,Cody Hollister,64,WR
1616,Vikings,Aviante Collins,64,LT
1617,49ers,Chris Thompson,64,WR
1618,Bengals,Josh Tupou,64,DT
1619,Cardinals,Dylan Cantrell,64,TE
1620,Chargers,Emeke Egbule,64,LOLB
1621,Bills,Matt Barkley,64,QB
1622,Giants,Chris Peace,64,LOLB
1623,Jets,Daniel Brown,64,TE
1624,Jets,Cameron Clark,64,LG
1625,Lions,Reggie Ragland,64,MLB
1626,Packers,Billy Turner,64,RG
1627,Chiefs,Andrew Soroh,64,SS
1628,Giants,Sean Chandler,64,FS
1629,Rams,Kenny Young,64,MLB
1630,Seahawks,Brian Allen,64,CB
1631,Dolphins,Ken Webster,64,CB
1632,Rams,Adonis Alexander,64,CB
1633,Chargers,Tevaughn Campbell,64,CB
1634,Redskins,Cameron Malveaux,64,LE
1635,Chiefs,Elijah McGuire,64,HB
1636,Vikings,Tyler Conklin,64,TE
1637,49ers,Kentavius Street,64,DT
1638,Bills,Isaiah Hodgins,64,WR
1639,Bills,Mike Love,64,RE
1640,Bills,Tommy Sweeney,64,TE
1641,Broncos,Justin Strnad,64,MLB
1642,Browns,Nick Harris,64,C
1643,Cardinals,Rashard Lawrence,64,RE
1644,Chargers,K.J. Hill,64,WR
1645,Chargers,Andre Patton,64,WR
1646,Chiefs,Gehrig Dieter,64,WR
1647,Colts,Dezmon Patmon,64,WR
1648,Dolphins,Austin Jackson,64,LT
1649,Saints,Taysom Hill,64,QB
1650,Jets,Jeff Smith,64,WR
1651,Panthers,Tyler Larsen,64,C
1652,Rams,Austin Corbett,64,LG
1653,Bears,Kentrell Brice,64,SS
1654,Bears,Kindle Vildor,64,CB
1655,Cardinals,Kevin Peterson,64,CB
1656,Texans,A.J. Moore Jr,64,FS
1657,Saints,Lil'Jordan Humphrey,64,WR
1658,Saints,Taquan Mizzell Sr,64,HB
1659,Steelers,Kerrith Whyte Jr,64,HB
1660,Titans,Dennis Kelly,64,RT
1661,Browns,Drew Forbes,64,LG
1662,Browns,Colby Gossett,64,RG
1663,Buccaneers,Elliott Fry,64,K
1664,Chiefs,Michael Danna,64,RE
1665,Chiefs,Lucas Niang,64,RT
1666,Falcons,Brandon Powell,64,WR
1667,Cardinals,Brett Hundley,64,QB
1668,Giants,Matthew Peart,64,RT
1669,Jaguars,Shaquille Quarterman,64,MLB
1670,Lions,Hunter Bryant,64,TE
1671,Lions,Kenny Wiggins,64,LG
1672,Panthers,Bravvion Roy,64,DT
1673,Raiders,Brandon Parker,64,LT
1674,Panthers,Natrell Jamerson,64,SS
1675,Ravens,Ben Bredeson,64,LG
1676,Chiefs,Armani Watts,64,FS
1677,Colts,Darius Jackson,64,HB
1678,Seahawks,Brandon Shell,64,RT
1679,Panthers,Jordan Scarlett,64,HB
1680,Vikings,Tony Brooks-James,64,HB
1681,Vikings,James Lynch,64,DT
1682,Vikings,Kenny Willekes,64,LE
1683,49ers,Jauan Jennings,63,WR
1684,Bears,Alex Wesley,63,WR
1685,Bengals,Mike Thomas,63,WR
1686,Browns,Pharaoh Brown,63,TE
1687,Buccaneers,Khalil Davis,63,LE
1688,Cowboys,Tyler Biadasz,63,C
1689,Dolphins,Michael Roberts,63,TE
1690,Eagles,Shaun Bradley,63,LOLB
1691,Eagles,Robert Davis,63,WR
1692,Eagles,Anthony Rush,63,DT
1693,Falcons,Christian Blake,63,WR
1694,Giants,Eric Tomlinson,63,TE
1695,Jaguars,Will Richardson Jr,63,RG
1696,Lions,Victor Bolden Jr,63,WR
1697,Ravens,Broderick Washington Jr,63,LE
1698,Jets,Arthur Maulet,63,CB
1699,Colts,Isaiah Rodgers,63,CB
1700,Chiefs,Javaris Davis,63,CB
1701,Dolphins,Nate Brooks,63,CB
1702,Steelers,Olasunkanmi Adeniyi,63,ROLB
1703,49ers,Azeez Al-Shaair,63,ROLB
1704,49ers,Alex Barrett,63,RE
1705,Bears,James Vaughters,63,LOLB
1706,Bills,Darryl Johnson Jr,63,LE
1707,Chargers,Cortez Broughton,63,DT
1708,Eagles,Jack Driscoll,63,RG
1709,Eagles,Joe Ostman,63,LE
1710,Jaguars,Ben Bartch,63,LT
1711,Lions,Joshua Garnett,63,RG
1712,Lions,Isaac Nauta,63,TE
1713,Lions,Christian Sam,63,MLB
1714,Packers,Ty Summers,63,MLB
1715,Panthers,Brandon Zylstra,63,WR
1716,Rams,Nsimba Webster,63,WR
1717,Ravens,Patrick Mekari,63,C
1718,Redskins,Kamren Curl,63,SS
1719,49ers,Jermaine Kelly Jr,63,CB
1720,Broncos,De'Vante Bausby,63,CB
1721,Cowboys,Chris Westry,63,CB
1722,49ers,Tim Harris,63,CB
1723,Seahawks,Freddie Swain,63,WR
1724,Cardinals,D.J. Foster,63,HB
1725,Panthers,Reggie Bonnafon,63,HB
1726,Titans,David Long Jr,63,MLB
1727,49ers,Kevin Givens,63,DT
1728,Bears,J.P. Holtz,63,TE
1729,Bengals,Brady Sheldon,63,ROLB
1730,Bills,Vosean Joseph,63,MLB
1731,Eagles,T.J. Edwards,63,MLB
1732,Eagles,Casey Toohill,63,RE
1733,Giants,RJ McIntosh,63,LE
1734,Steelers,Mason Rudolph,63,QB
1735,Lions,Chase Daniel,63,QB
1736,Lions,Jonah Jackson,63,RG
1737,Steelers,Marcus Allen,63,FS
1738,Jaguars,Andrew Wingard,63,SS
1739,Broncos,Trey Marshall,63,SS
1740,Rams,Jordan Fuller,63,SS
1741,Seahawks,Ryan Neal,63,CB
1742,Saints,Carl Granderson,63,LE
1743,Redskins,Simeon Thomas,63,CB
1744,Raiders,Jordan Brown,63,CB
1745,Jaguars,Brandon Watson,63,CB
1746,Eagles,Elijah Holyfield,63,HB
1747,Titans,Larrell Murchison,63,RE
1748,Vikings,Rashod Hill,63,RT
1749,Bengals,Markus Bailey,63,MLB
1750,Chargers,Jason Moore,63,WR
1751,Colts,E.J. Speed,63,LOLB
1752,Dolphins,Julie'n Davenport,63,LT
1753,Eagles,Marcus Green,63,WR
1754,Falcons,Devin Gray,63,WR
1755,Falcons,Khari Lee,63,TE
1756,Colts,Jacob Eason,63,QB
1757,Panthers,Woodrow Hamilton,63,DT
1758,Raiders,Denzelle Good,63,RG
1759,Texans,Shalom Luani,63,SS
1760,Eagles,Marcus Epps,63,FS
1761,Raiders,Dallin Leavitt,63,SS
1762,Cardinals,Charles Washington,63,FS
1763,Seahawks,Chance Warmack,63,LG
1764,Steelers,Kevin Dotson,63,LG
1765,Steelers,Tuzar Skipper,63,LOLB
1766,Cowboys,Jordan Chunn,63,HB
1767,49ers,Charlie Woerner,63,TE
1768,Bears,Ben Braunecker,63,TE
1769,Cardinals,Mason Cole,63,C
1770,Chargers,Jalen Guyton,63,WR
1771,Colts,Robert Windsor,63,DT
1772,Cowboys,Justin Hamilton,63,DT
1773,Cowboys,Joe Jackson,63,RE
1774,Eagles,Albert Huggins Jr,63,DT
1775,Eagles,Prince Tega Wanogho,63,LT
1776,Panthers,Will Grier,63,QB
1777,Lions,Oday Aboushi,63,RG
1778,Panthers,DeAndrew White,63,WR
1779,Patriots,Byron Cowart,63,DT
1780,Redskins,Jordan Brailford,63,LE
1781,Bengals,Trayvon Henderson,63,SS
1782,Redskins,James Smith-Williams,63,RE
1783,Bears,Duke Shelley,63,CB
1784,Vikings,Davion Davis,63,WR
1785,Bills,Evan Boehm,62,C
1786,Buccaneers,Jack Cichy,62,MLB
1787,Chargers,PJ Johnson,62,DT
1788,Chargers,Trey Pipkins III,62,LT
1789,Chiefs,Demone Harris,62,LE
1790,Eagles,Alex Singleton,62,MLB
1791,Lions,Logan Stenberg,62,LG
1792,Panthers,Omar Bayless,62,WR
1793,Buccaneers,Deiondre' Hall,62,SS
1794,Saints,Saquan Hampton,62,FS
1795,Seahawks,Jamarco Jones,62,LT
1796,Lions,Tony McRae,62,CB
1797,Cowboys,Deante Burton,62,CB
1798,Steelers,Ulysees Gilbert III,62,MLB
1799,Jets,Bennett Jackson,62,FS
1800,Titans,Joey Ivie,62,LE
1801,49ers,Daniel Brunskill,62,RT
1802,Bears,Reggie Davis,62,WR
1803,Bears,Jesper Horsted,62,TE
1804,Buccaneers,John Franklin III,62,WR
1805,Buccaneers,Joe Haeg,62,RT
1806,Colts,Jordan Glasgow,62,ROLB
1807,Colts,Xavier Grimble,62,TE
1808,Colts,Skai Moore,62,MLB
1809,Falcons,Austin Edwards,62,LE
1810,Falcons,Keith Smith,62,FB
1811,Jaguars,Joshua Dobbs,62,QB
1812,Chargers,Easton Stick,62,QB
1813,Jaguars,Tyler Shatley,62,LG
1814,Patriots,Brian Hoyer,62,QB
1815,Lions,Kevin Strong,62,DT
1816,Ravens,Chris Board,62,MLB
1817,Redskins,Saahdiq Charles,62,LT
1818,Saints,J.T. Gray,62,SS
1819,Texans,Cornell Armstrong,62,CB
1820,Buccaneers,Parnell Motley,62,CB
1821,Eagles,Craig James,62,CB
1822,Saints,Deatrick Nichols,62,CB
1823,Steelers,Quadree Henderson,62,WR
1824,Titans,Jamil Douglas,62,RG
1825,Giants,Jon Hilliman,62,HB
1826,Broncos,Joe Jones,62,MLB
1827,Buccaneers,Pat O'Connor,62,RE
1828,Chiefs,Martinas Rankin,62,RT
1829,Cowboys,Tevin Jones,62,WR
1830,Dolphins,Trent Harris,62,LOLB
1831,Bills,Jake Fromm,62,QB
1832,Panthers,Andre Smith,62,MLB
1833,Patriots,Quincy Adeboyejo,62,WR
1834,Patriots,Michael Onwenu,62,RG
1835,Patriots,Dustin Woodard,62,C
1836,Raiders,Kendall Donnerson,62,ROLB
1837,Redskins,Hale Hentges,62,TE
1838,Redskins,Thaddeus Moss,62,TE
1839,Saints,Garrett Griffin,62,TE
1840,Browns,Donnie Lewis Jr,62,CB
1841,Chiefs,Antonio Hamilton,62,CB
1842,Vikings,Kris Boyd,62,CB
1843,Broncos,Shakial Taylor,62,CB
1844,Redskins,Danny Johnson,62,CB
1845,Buccaneers,Raymond Calais,62,HB
1846,Browns,Daniel Ekuale,62,DT
1847,Buccaneers,Jordan Leggett,62,TE
1848,Cardinals,Darrell Daniels,62,TE
1849,Cowboys,Blake Bell,62,TE
1850,Giants,Da'Mari Scott,62,WR
1851,Lions,Frank Herron,62,LE
1852,Lions,John Penisini,62,DT
1853,Patriots,Tashawn Bower,62,LOLB
1854,Redskins,Ross Pierschbacher,62,C
1855,Vikings,Brian Cole II,62,SS
1856,Titans,Chris Milton,62,CB
1857,Jaguars,Devine Ozigbo,62,HB
1858,Bengals,DaMarkus Lodge,62,WR
1859,Broncos,Malik Carney,62,ROLB
1860,Browns,Eli Ankou,62,DT
1861,Chargers,Ryan Groy,62,C
1862,Cowboys,Cole Hikutini,62,TE
1863,Falcons,Edmond Robinson,62,LOLB
1864,Buccaneers,Blaine Gabbert,62,QB
1865,Lions,Jamal Agnew,62,WR
1866,Packers,Kamal Martin,62,MLB
1867,Packers,Robert Tonyan,62,TE
1868,Packers,Gerald Willis III,62,RE
1869,Ravens,Otaro Alaka,62,MLB
1870,Lions,C.J. Moore,62,FS
1871,Chiefs,BoPete Keyes,62,CB
1872,Chargers,Quenton Meeks,62,CB
1873,Packers,Will Redmond,62,FS
1874,Chargers,Donald Parham,61,TE
1875,Giants,Devante Downs,61,MLB
1876,Giants,Shane Lemieux,61,LG
1877,Giants,Chris Slayton,61,LE
1878,Patriots,Jarrett Stidham,61,QB
1879,Packers,Jonathan Garvin,61,ROLB
1880,Raiders,Jordan Devey,61,C
1881,Ravens,Jacob Breeland,61,TE
1882,Falcons,Jamal Carter,61,SS
1883,Rams,Jake Gervase,61,FS
1884,Ravens,Nigel Warrior,61,SS
1885,Bears,Stephen Denmark,61,CB
1886,Giants,Montre Hartage,61,FS
1887,Bengals,Brandon Wilson,61,FS
1888,Vikings,Hercules Mata'afa,61,DT
1889,Broncos,Jonathan Harris,61,LE
1890,Buccaneers,Quinton Bell,61,LE
1891,Buccaneers,Tanner Hudson,61,TE
1892,Falcons,Jaeden Graham,61,TE
1893,Broncos,Jeff Driskel,61,QB
1894,Packers,Curtis Bolton,61,MLB
1895,Saints,Cole Wick,61,TE
1896,Vikings,Alexander Hollins,61,WR
1897,Vikings,Olisaemeka Udoh,61,RT
1898,49ers,Colton McKivitz,61,RG
1899,Cardinals,Evan Weaver,61,MLB
1900,Chiefs,Devaroe Lawrence,61,DT
1901,Colts,Artavis Scott,61,WR
1902,Cowboys,Jalen Jelks,61,LE
1903,Jaguars,Brian Price,61,DT
1904,Texans,A.J. McCarron,61,QB
1905,Redskins,Jared Norris,61,MLB
1906,Seahawks,Branden Jackson,61,DT
1907,Seahawks,Cedric Ogbuehi,61,RT
1908,Steelers,Carlos Davis,61,LE
1909,Packers,Vernon Scott,61,FS
1910,Titans,Nick Dzubnar,61,MLB
1911,Titans,Cale Garrett,61,MLB
1912,Broncos,Andrew Beck,61,TE
1913,Browns,Stephen Carlson,61,TE
1914,Colts,Danny Pinter,61,RG
1915,Giants,Tae Crowder,61,MLB
1916,Giants,Colt McCoy,61,QB
1917,Packers,Tipa Galeai,61,LOLB
1918,Panthers,Tyler Marz,61,RT
1919,Seahawks,Joey Hunt,61,C
1920,Steelers,Josiah Coatney,61,RE
1921,Rams,Nick Scott,61,FS
1922,Raiders,Keisean Nixon,61,CB
1923,Titans,Chris Jackson,61,CB
1924,Panthers,Stantley Thomas-Oliver III,61,CB
1925,Texans,Steven Mitchell Jr,61,WR
1926,Texans,Brent Qvale,61,LT
1927,Bears,Abdullah Anderson,61,RE
1928,Bengals,Michael Jordan,61,LG
1929,Buccaneers,Antony Auclair,61,TE
1930,Chargers,Joe Gaziano,61,RE
1931,Chiefs,Deon Yelder,61,TE
1932,Jaguars,Tyler Davis,61,TE
1933,Patriots,Hjalte Froholdt,61,LG
1934,Raiders,Anthony Ratliff-Williams,61,WR
1935,Rams,Marquise Copeland,61,LE
1936,Redskins,Keith Ismael,61,C
1937,Texans,Roderick Johnson,61,RT
1938,Steelers,Arrion Springs,61,CB
1939,Titans,Rashard Davis,61,WR
1940,Chargers,Jessie Lemonier,60,RE
1941,Panthers,Ishmael Hyman,60,WR
1942,Patriots,Yodny Cajuste,60,LT
1943,Seahawks,Emmanuel Ellerbee,60,ROLB
1944,Seahawks,Stephen Sullivan,60,WR
1945,Falcons,Chris Cooper,60,FS
1946,Chiefs,Rodney Clemons,60,SS
1947,Packers,Raven Greene,60,SS
1948,Packers,Stanford Samuels III,60,CB
1949,Buccaneers,Mazzi Wilkins,60,CB
1950,Jaguars,Chris Claybrooks,60,CB
1951,Vikings,Mark Fields,60,CB
1952,Browns,Tavierre Thomas,60,CB
1953,Vikings,Dakota Dozier,60,LG
1954,Bengals,Isaiah Prince,60,RT
1955,Broncos,Josh Watson,60,MLB
1956,Buccaneers,Kahzin Daniels,60,LOLB
1957,Buccaneers,Noah Dawkins,60,MLB
1958,Falcons,Jacob Tuioti-Mariner,60,DT
1959,Giants,Cam Brown,60,MLB
1960,Packers,Jon Runyan,60,LG
1961,Panthers,DaVonte Lambert,60,DT
1962,Patriots,Brandon King,60,ROLB
1963,Redskins,Jeremy Vujnovich,60,RG
1964,Saints,Patrick Omameh,60,RG
1965,Saints,Calvin Throckmorton,60,RG
1966,Seahawks,Chad Wheeler,60,RT
1967,Steelers,Robert Spillane,60,MLB
1968,Packers,Marc-Antoine Dequoy,60,CB
1969,Giants,Chris Williamson,60,CB
1970,Broncos,Patrick Morris,60,C
1971,Chargers,Sam Tevi,60,RT
1972,Cowboys,Luke Gifford,60,MLB
1973,Dolphins,Danny Isidora,60,RG
1974,Dolphins,Solomon Kindley,60,LG
1975,Eagles,Bruce Hector,60,DT
1976,Jets,Josh Andrews,60,LG
1977,Jets,James Morgan,60,QB
1978,Texans,Charlie Heck,60,LT
1979,Bears,DeAndre Houston-Carson,60,FS
1980,Titans,Joshua Kalu,60,FS
1981,Chiefs,Alex Brown,60,CB
1982,Cardinals,Jalen Davis,60,CB
1983,Titans,Dalyn Dawkins,60,HB
1984,Bengals,Jordan Franks,60,TE
1985,Broncos,Kyle Peko,60,DT
1986,Colts,Matt Lengel,60,TE
1987,Falcons,Ahmad Thomas,60,MLB
1988,Jaguars,Charles Jones,60,TE
1989,Titans,Cole McDonald,60,QB
1990,Packers,Elijah Wellman,60,FB
1991,Patriots,Cassh Maluia,60,MLB
1992,Patriots,Gunner Olszewski,60,WR
1993,Redskins,Caleb Wilson,60,TE
1994,Texans,Davin Bellamy,60,ROLB
1995,Bengals,Hakeem Adeniji,60,RG
1996,Bengals,Mason Schreck,60,TE
1997,Broncos,Tyrie Cleveland,60,WR
1998,Buccaneers,Nasir Player,60,ROLB
1999,Lions,Jashon Cornell,60,DT
2000,Rams,Johnny Mundt,60,TE
2001,Ravens,Chauncey Rivers,60,LOLB
2002,Texans,Greg Mancz,60,C
2003,Browns,Donovan Olumba,60,CB
2004,Colts,Bruce Anderson,60,HB
2005,Falcons,Craig Reynolds,60,HB
2006,Vikings,Kyle Hinton,60,LG
2007,Bears,Jason Spriggs,59,RT
2008,Bengals,Freedom Akinmoladun,59,DT
2009,Buccaneers,Anthony Fabiano,59,LG
2010,Jets,Wyatt Ray,59,LOLB
2011,Panthers,Chris Reed,59,C
2012,Falcons,Matt Schaub,59,QB
2013,Rams,Tremayne Anchrum Jr,59,RG
2014,Ravens,Will Holden,59,RT
2015,Saints,Will Clapp,59,C
2016,Seahawks,Ethan Pocic,59,C
2017,Colts,Lafayette Pitts,59,CB
2018,49ers,Shon Coleman,59,LT
2019,Bears,Rashaad Coward,59,RT
2020,Cowboys,Cody Wichmann,59,LG
2021,Dolphins,Shaq Calhoun,59,RG
2022,Chiefs,Chad Henne,59,QB
2023,Raiders,Ukeme Eligwe,59,MLB
2024,Redskins,Cornelius Lucas III,59,LT
2025,Seahawks,Bryan Mone,59,DT
2026,Steelers,Zach Banner,59,RT
2027,Titans,Kareem Orr,59,CB
2028,Steelers,Breon Borders,59,CB
2029,Cardinals,Jace Whittaker,59,CB
2030,Bengals,Moritz Boehringer,59,TE
2031,Broncos,Derrek Tuszka,59,LOLB
2032,Buccaneers,Chapelle Russell,59,MLB
2033,Cowboys,Adam Redmond,59,LG
2034,Jets,Ahmad Gooden,59,ROLB
2035,Packers,Jake Hanson,59,C
2036,Jets,David Fales,59,QB
2037,Steelers,Calvin Taylor,59,RE
2038,Titans,Nigel Harris,59,MLB
2039,Chiefs,Chris Lammons,59,CB
2040,Panthers,Cole Luke,59,CB
2041,Raiders,D.J. Killings,59,CB
2042,49ers,Kofi Amichia,59,LG
2043,Cardinals,Max Garcia,59,RG
2044,Eagles,Matt Pryor,59,LG
2045,Jaguars,Jake Luton,59,QB
2046,Packers,Lucas Patrick,59,RG
2047,Packers,Simon Stepaniak,59,RG
2048,Rams,Natrez Patrick,59,LOLB
2049,Saints,Kaden Elliss,59,MLB
2050,Texans,Peter Kalambayi,59,MLB
2051,Bears,Ryan Nall,59,HB
2052,Vikings,Brandon Dillon,59,TE
2053,Browns,Willie Harvey,59,MLB
2054,Browns,JoJo Natson,59,WR
2055,Chargers,Cole Christiansen,59,MLB
2056,Chiefs,Nick Allegretti,59,C
2057,Falcons,John Wetzel,59,LT
2058,Jets,B.J. Bello,59,MLB
2059,Packers,James Looney,59,TE
2060,Panthers,P.J. Walker,59,QB
2061,Raiders,Jeremiah Valoaga,59,DT
2062,Raiders,Sam Young,59,LT
2063,Texans,Tyrell Adams,59,MLB
2064,Titans,Matt Dickerson,59,DT
2065,Colts,Rolan Milligan,59,SS
2066,Browns,Robert Jackson,59,CB
2067,Bears,Corey Levin,58,C
2068,Bears,Lachavious Simmons,58,RG
2069,Browns,Montrel Meander,58,ROLB
2070,Eagles,Jordan Mailata,58,RT
2071,Raiders,David Sharpe,58,RT
2072,Rams,Jamil Demby,58,LG
2073,Rams,Clay Johnston,58,MLB
2074,Saints,Jason Vander Laan,58,TE
2075,Titans,David Quessenberry,58,LT
2076,Seahawks,Linden Stephens,58,CB
2077,Titans,Senorise Perry,58,HB
2078,Cardinals,Dennis Gardeck,58,MLB
2079,Giants,Josiah Tauaefa,58,MLB
2080,Lions,Beau Benzschawel,58,C
2081,Packers,Evan Baylis,58,TE
2082,Rams,Travin Howard,58,MLB
2083,Vikings,Blake Brandel,58,RG
2084,Texans,Buddy Howell,58,HB
2085,Broncos,Austin Fort,58,TE
2086,Cowboys,Brandon Knight,58,RT
2087,Patriots,Jermaine Eluemunor,58,LG
2088,Steelers,Devlin Hodges,58,QB
2089,Titans,Jordan Williams,58,ROLB
2090,Cowboys,Saivion Smith,58,CB
2091,Bears,Arlington Hambright,58,LT
2092,Cardinals,Parker Houston,58,TE
2093,Cardinals,Sam Jones,58,LG
2094,Lions,John Atkins,58,DT
2095,Jaguars,Mike Glennon,58,QB
2096,Chiefs,Jordan Ta'Amu,58,QB
2097,Steelers,Zach Gentry,58,TE
2098,Chargers,Donte Vaughn,58,CB
2099,Patriots,Justin Herron,58,LT
2100,Ravens,Tyler Huntley,58,QB
2101,Ravens,R.J. Prince,58,RT
2102,Saints,Krishawn Hogan,58,WR
2103,Texans,Elijah Nkansah,58,RT
2104,Broncos,Alijah Holder,58,FS
2105,Eagles,Sua Opeta,57,LG
2106,Falcons,Sean Harlow,57,RG
2107,Falcons,Carson Meier,57,TE
2108,Packers,Tim Boyle,57,QB
2109,Rams,Chandler Brewer,57,RG
2110,Seahawks,Jordan Simmons,57,RG
2111,Steelers,Jarron Jones,57,LT
2112,Chargers,Koda Martin,57,RG
2113,Chiefs,Greg Senat,57,LT
2114,Giants,T.J. Brunson,57,MLB
2115,Giants,Garrett Dickerson,57,TE
2116,Panthers,Chris Orr,57,MLB
2117,Cowboys,Ben DiNucci,57,QB
2118,Rams,Jeremiah Kolone,57,RG
2119,Steelers,Derwin Gray,57,LT
2120,Chiefs,Darryl Williams,57,C
2121,Rams,Christian Rozeboom,57,MLB
2122,Saints,Cameron Tom,57,C
2123,Titans,Avery Gennesy,57,LG
2124,Panthers,Quin Blanding,57,SS
2125,Titans,Kenneth Durden,57,CB
2126,49ers,Daniel Helm,57,TE
2127,Cardinals,Vontarrius Dora,57,ROLB
2128,Eagles,Alex Ellis,57,TE
2129,Eagles,Nate Sudfeld,57,QB
2130,Cardinals,Chris Jones,57,CB
2131,Rams,Kendall Blanton,57,TE
2132,Colts,Chad Kelly,57,QB
2133,Bears,Alex Bars,56,LG
2134,Colts,Le'Raven Clark,56,LT
2135,Cowboys,Mitch Hyatt,56,LT
2136,Giants,Nick Gates,56,RG
2137,Jets,Brad Lundblade,56,RG
2138,Panthers,Juwann Bushell-Beatty,56,LT
2139,49ers,Jake Brendel,56,C
2140,Broncos,Austin Schlottmann,56,C
2141,Buccaneers,Zack Bailey,56,LG
2142,Cardinals,Joshua Miles,56,LT
2143,Chiefs,Yasir Durant,56,LT
2144,Colts,Javon Patterson,56,C
2145,Seahawks,Geno Smith,56,QB
2146,Lions,David Blough,56,QB
2147,Eagles,Kyle Lauletta,56,QB
2148,Bills,Ryan Bates,56,LT
2149,Rams,Cohl Cabral,56,C
2150,Steelers,Paxton Lynch,56,QB
2151,Seahawks,Jordan Roos,56,RG
2152,Bears,Josh Woods,56,MLB
2153,Giants,Mark McLaurin Jr,56,MLB
2154,Packers,Yosuah Nijman,56,LT
2155,Panthers,Temarrick Hemingway,56,TE
2156,Rams,Daniel Bituli,56,MLB
2157,49ers,C.J. Beathard,56,QB
2158,Texans,Kyle Murphy,56,RT
2159,Patriots,Korey Cunningham,56,RT
2160,Ravens,Trystan Colon-Castillo,56,C
2161,Buccaneers,Brad Seaton,55,RT
2162,Cardinals,Steven Gonzalez,55,LG
2163,Dolphins,Adam Pankey,55,LG
2164,Dolphins,Malcolm Perry,55,WR
2165,Jets,Conor McDermott,55,LT
2166,Seahawks,Anthony Gordon,55,QB
2167,Falcons,Kurt Benkert,55,QB
2168,Texans,Rick Leonard,55,RT
2169,Buccaneers,John Molchon,55,RG
2170,Chargers,Storm Norton,55,RT
2171,Chargers,Andrew Vollert,55,TE
2172,Chiefs,Ryan Hunter,55,RG
2173,Raiders,Rico Gafford,55,WR
2174,Rams,Ethan Wolf,55,TE
2175,Browns,Charley Hughlett,55,TE
2176,Colts,Jake Eldrenkamp,55,LG
2177,Dolphins,Keaton Sutherland,55,C
2178,Jaguars,Ryan Pope,55,LT
2179,Bengals,Ryan Finley,55,QB
2180,Saints,Ethan Greenidge,55,RT
2181,Redskins,Jeremy Reaves,55,FS
2182,Chiefs,Emmanuel Smith,55,MLB
2183,Falcons,Matt Gono,55,LG
2184,Broncos,Brett Rypien,55,QB
2185,Steelers,Christian DiLauro,55,RG
2186,Broncos,Calvin Anderson,55,LT
2187,Colts,Andrew Donnal,55,RT
2188,Jaguars,Tyler Gauthier,55,C
2189,Jets,James Murray,55,C
2190,Rams,John Wolford,55,QB
2191,Bengals,Fred Johnson,54,RG
2192,Bills,Victor Salako,54,LG
2193,Ravens,Trace McSorley,54,QB
2194,Seahawks,Kyle Fuller,54,C
2195,Chiefs,Jackson Barton,54,LT
2196,Lions,Dan Skipper,54,RT
2197,Panthers,Branden Bowen,54,RT
2198,Ravens,Daishawn Dixon,54,LG
2199,Bengals,Jake Dolegala,54,QB
2200,Buccaneers,Ryan Griffin,54,QB
2201,Titans,Aaron Brewer,54,C
2202,49ers,Leonard Wester,54,RT
2203,Cardinals,Ezekiel Turner,54,MLB
2204,Chargers,Cole Toner,54,C
2205,Panthers,Frederick Mauigoa,54,C
2206,Patriots,Brian Lewerke,54,QB
2207,Titans,Daniel Munyer,54,C
2208,Bengals,O'Shea Dugas,54,LT
2209,Jaguars,KC McDermott,54,RG
2210,Packers,John Leglue,54,LT
2211,Rams,Nate Trewyn,54,C
2212,Chargers,Trent Scott,54,LT
2213,Saints,Tommy Stevens,54,QB
2214,Vikings,Sean Mannion,54,QB
2215,Cowboys,Clayton Thorson,54,QB
2216,Raiders,Andre James,53,C
2217,Redskins,Paul Adams,53,LT
2218,Vikings,Jake Browning,53,QB
2219,Texans,Alex McGough,53,QB
2220,Buccaneers,Aaron Stinnie,53,C
2221,Texans,Isaac Whitney,53,WR
2222,Giants,Chad Slade,53,LT
2223,Giants,Eric Smith,53,LT
2224,Bills,Garrett McGhin,53,RT
2225,Cardinals,Brett Toth,53,RT
2226,Chargers,Tyree St. Louis,53,RT
2227,Vikings,Nate Stanley,53,QB
2228,Titans,Zac Kerin,53,RG
2229,49ers,Jaryd Jones-Smith,53,RT
2230,Broncos,Jake Rodgers,53,RT
2231,Colts,Chaz Green,53,RT
2232,Bills,Davis Webb,53,QB
2233,Jets,Ben Braden,52,LG
2234,Packers,Alex Light,52,RT
2235,Giants,Cooper Rush,52,QB
2236,Bears,Sam Mustipher,52,C
2237,Patriots,Najee Toran,52,RG
2238,Redskins,Timon Parris,52,RT
2239,Steelers,J.C. Hassenauer,52,C
2240,Rams,Josh Love,52,QB
2241,Rams,Bryce Perkins,52,QB
2242,Eagles,Nate Herbig,51,C
2243,Texans,David Steinmetz,51,LT
2244,Raiders,Nathan Peterman,51,QB
2245,Browns,Evan Brown,51,C
2246,Bills,Ike Boettger,51,LG
2247,Browns,Alex Taylor,51,RT
2248,Packers,Cole Madison,51,C
2249,Seahawks,Kahlil McKenzie,51,RG
2250,Bears,Dino Boyd,51,LT
2251,Chargers,Ryan Roberts,50,RT
2252,Rams,Coleman Shelton,50,C
2253,Steelers,J.T. Barrett IV,50,QB
2254,Broncos,Nico Falah,50,C
2255,Redskins,Nick Sundberg,49,C
2256,Dolphins,Jake Rudock,49,QB
2257,Giants,Alex Tanney,48,QB
2258,Falcons,Danny Etling,48,QB
2259,Browns,Garrett Gilbert,48,QB
2260,Bears,Tyler Bray,47,QB
2261,Titans,Logan Woodside,47,QB
2262,Lions,Don Muhlbach,47,TE
2263,Bengals,Clark Harris,44,TE
2264,Falcons,Josh Harris,43,TE
2265,Panthers,J.J. Jansen,38,TE
2266,Cowboys,L.P. LaDouceur,37,TE
2267,Ravens,Nick Moore,36,TE
2268,Seahawks,Tyler Ott,36,TE
2269,Bills,Reid Ferguson,35,TE
2270,Rams,Jake McQuaide,35,TE
2271,Titans,Beau Brinkley,35,TE
2272,Giants,Casey Kreiter,33,TE
2273,49ers,Kyle Nelson,32,TE
2274,Cardinals,Aaron Brewer,32,TE
2275,Jets,Thomas Hennessy,31,TE
2276,Chiefs,James Winchester,31,TE
2277,Bears,Patrick Scales,30,TE
2278,Eagles,Rick Lovato,30,TE
2279,Broncos,Jacob Bobenmoyer,28,TE
2280,Ravens,Morgan Cox,28,TE
2281,Texans,Jon Weeks,28,TE
2282,Packers,Hunter Bradley,28,TE
2283,Dolphins,Blake Ferguson,27,TE
2284,Chargers,Cole Mazza,27,TE
2285,Vikings,Austin Cutting,26,TE
2286,Patriots,Joe Cardona,26,TE
2287,Saints,Zach Wood,26,TE
2288,Steelers,Kameron Canaday,26,TE
2289,Jaguars,Matt Orzech,25,TE
2290,Colts,Luke Rhodes,24,TE
2291,Raiders,Trent Sieg,24,TE
2292,Buccaneers,Zach Triner,23,TE
